datetime,low,high,open,close,volumefrom,volumeto
2017-11-09,317.29,331.7,322.15,321.32,13118.15,4270934.9
2017-11-10,291.0,325.61,321.32,298.66,34411.65,10580539.65
2017-11-11,298.0,322.19,298.66,315.76,23836.74,7328431.51
2017-11-12,300.11,318.98,315.76,306.1,48200.8,14854823.36
2017-11-13,305.91,320.69,306.1,316.14,36613.5,11517856.3
2017-11-14,314.95,340.99,315.81,335.54,48769.57,16066296.01
2017-11-15,323.19,340.0,335.54,331.88,27052.55,9039874.86
2017-11-16,321.0,335.16,331.88,329.91,34360.48,11257762.02
2017-11-17,325.0,334.86,329.91,331.25,24845.12,8208502.56
2017-11-18,326.3,349.31,331.25,346.96,26074.43,8763543.7
2017-11-19,344.01,372.0,346.96,354.48,32139.68,11451664.0
2017-11-20,350.0,372.88,354.48,366.0,28170.7,10193832.49
2017-11-21,345.52,372.94,366.0,359.6,51067.56,18500330.41
2017-11-22,358.33,383.94,359.6,380.88,34942.55,12961685.49
2017-11-23,370.11,426.04,380.88,406.75,77408.69,31247094.1
2017-11-24,395.0,478.99,406.75,471.17,84954.03,36850995.89
2017-11-25,451.0,483.0,471.17,463.0,31084.17,14484869.28
2017-11-26,438.09,472.76,463.0,467.0,29143.14,13208221.61
2017-11-27,456.24,487.0,467.0,474.67,53900.59,25539860.51
2017-11-28,457.61,478.15,474.67,464.95,49678.07,23218695.7
2017-11-29,405.0,519.23,464.95,423.9,116769.92,54776310.04
2017-11-30,388.0,455.99,423.9,435.09,59144.71,24829664.37
2017-12-01,415.16,469.4,435.09,460.3,30626.87,13628268.39
2017-12-02,447.0,472.32,460.3,456.04,23203.04,10679948.95
2017-12-03,441.02,482.8,456.04,463.0,33041.92,15385296.14
2017-12-04,446.2,473.9,463.0,467.83,31067.36,14339920.11
2017-12-05,450.49,471.9,467.83,455.76,22812.03,10475929.75
2017-12-06,405.88,459.85,455.76,415.83,50979.87,22125584.99
2017-12-07,400.0,436.42,415.83,411.03,48889.8,20297020.09
2017-12-08,391.0,454.85,411.03,440.27,58296.63,25139946.87
2017-12-09,433.0,497.99,440.27,456.38,48252.92,22439454.27
2017-12-10,401.33,459.44,456.38,425.07,29510.03,12703843.48
2017-12-11,421.17,505.0,425.07,503.47,44543.45,20712267.88
2017-12-12,487.0,645.55,503.47,620.59,95283.01,53634930.74
2017-12-13,585.0,742.23,620.59,694.5,127713.17,85319760.43
2017-12-14,647.5,745.0,694.5,689.69,89396.17,62301015.17
2017-12-15,601.13,692.5,689.69,676.36,54771.22,36087695.59
2017-12-16,665.5,711.77,676.36,684.0,23905.72,16434500.56
2017-12-17,683.06,726.0,684.0,706.91,27771.42,19664123.78
2017-12-18,671.56,800.39,706.91,787.28,57460.08,42506114.15
2017-12-19,772.91,870.0,787.28,817.72,87098.13,71504353.38
2017-12-20,721.02,833.67,817.72,797.1,81483.02,64005220.28
2017-12-21,752.0,842.73,797.1,783.8,75451.39,60484270.34
2017-12-22,501.0,792.5,783.8,669.36,164428.2,104608927.33
2017-12-23,649.57,755.0,669.36,699.86,40879.14,29124563.94
2017-12-24,604.19,704.93,699.86,686.96,45120.39,29335293.78
2017-12-25,684.0,750.0,686.96,724.0,42706.02,30624272.73
2017-12-26,716.7,765.0,724.0,751.09,24164.54,17964660.22
2017-12-27,704.54,770.0,751.09,738.78,53760.85,39840501.45
2017-12-28,666.0,739.8,738.78,717.23,40099.34,28006548.75
2017-12-29,709.0,758.0,717.23,732.67,44816.84,32932640.32
2017-12-30,659.06,740.72,732.67,698.46,59596.87,41619597.01
2017-12-31,687.03,759.08,698.46,743.48,24771.96,17864222.87
2018-01-01,722.02,768.87,743.48,752.78,29181.94,21811639.35
2018-01-02,752.78,888.0,752.78,858.6,67628.49,57231450.99
2018-01-03,850.0,950.0,858.6,940.4,57117.21,50614980.68
2018-01-04,895.52,999.91,940.4,940.0,77160.74,73312586.84
2018-01-05,924.69,1022.0,940.0,966.0,52023.54,50807581.42
2018-01-06,950.01,1009.22,966.0,1004.27,29967.36,29708300.53
2018-01-07,1000.0,1118.72,1004.27,1117.96,47293.11,50605502.35
2018-01-08,964.0,1229.76,1117.96,1130.0,109477.59,123173201.93
2018-01-09,1115.0,1301.0,1130.0,1287.47,102885.38,123662002.07
2018-01-10,1187.96,1378.99,1287.47,1240.48,96347.51,125834355.1
2018-01-11,1100.0,1334.33,1240.48,1135.0,95639.75,114736730.72
2018-01-12,1080.59,1288.34,1135.0,1258.68,46451.21,56579737.77
2018-01-13,1256.0,1420.0,1258.68,1384.78,41803.41,56577725.3
2018-01-14,1265.0,1389.0,1384.78,1359.59,35328.24,46817527.9
2018-01-15,1269.0,1379.0,1359.59,1276.71,33997.65,44691560.27
2018-01-16,862.11,1281.16,1276.71,1057.88,127923.05,136634452.92
2018-01-17,761.61,1109.58,1057.88,1029.22,179200.0,162181963.93
2018-01-18,951.12,1105.0,1029.22,1024.69,96056.34,99181551.38
2018-01-19,995.01,1095.0,1024.69,1036.03,49838.57,51792512.24
2018-01-20,1036.03,1171.0,1036.03,1150.0,31922.41,35856520.99
2018-01-21,1008.0,1151.0,1150.0,1049.09,37050.56,39711684.02
2018-01-22,917.0,1092.0,1049.09,997.21,48389.73,48078073.65
2018-01-23,905.0,1024.98,997.21,983.7,61938.03,60151552.29
2018-01-24,957.69,1069.65,983.7,1065.0,44493.76,45222578.83
2018-01-25,1014.48,1105.0,1065.0,1050.0,62196.24,65357176.23
2018-01-26,984.0,1075.9,1050.0,1051.81,39359.62,40473858.68
2018-01-27,1034.45,1126.01,1051.81,1115.51,29317.95,31570026.1
2018-01-28,1099.76,1240.0,1115.51,1229.41,29175.42,34733431.76
2018-01-29,1141.0,1239.0,1229.41,1168.0,40475.91,47712758.1
2018-01-30,1025.77,1172.0,1168.0,1051.54,61847.15,68310979.3
2018-01-31,1010.77,1118.88,1051.54,1110.14,34149.47,36823923.26
2018-02-01,936.0,1152.05,1110.14,1022.08,92033.55,97420345.0
2018-02-02,731.0,1022.08,1022.08,918.39,184904.24,163787521.59
2018-02-03,838.67,995.0,918.39,969.93,27592.49,25845614.41
2018-02-04,782.0,969.96,969.93,826.51,37124.18,32212587.32
2018-02-05,632.0,855.0,826.51,692.36,128779.91,93646186.49
2018-02-06,565.0,808.0,692.36,784.01,157935.75,105635084.43
2018-02-07,720.01,866.05,784.01,752.89,75081.13,59979215.08
2018-02-08,748.42,846.28,752.89,812.01,40467.32,32767068.71
2018-02-09,780.88,883.07,812.01,875.1,40273.37,33440757.53
2018-02-10,815.0,913.3,875.1,851.83,32319.24,28159024.53
2018-02-11,775.99,855.19,851.83,809.69,25362.86,20574387.38
2018-02-12,808.52,877.95,809.69,865.57,23687.09,20236422.85
2018-02-13,819.31,869.14,865.57,841.82,24840.28,20852550.01
2018-02-14,839.75,924.52,841.82,922.98,43648.22,38820006.6
2018-02-15,905.0,951.25,922.98,927.91,41358.45,38469448.44
2018-02-16,908.0,947.87,927.91,940.0,23773.48,22105688.99
2018-02-17,935.25,980.0,940.0,977.74,20558.71,19769580.41
2018-02-18,905.52,983.31,977.74,912.85,28492.25,26674431.16
2018-02-19,906.0,955.58,912.85,938.05,14832.72,13910821.95
2018-02-20,874.0,958.74,938.05,884.24,25435.77,23414826.73
2018-02-21,816.0,906.09,884.24,837.98,34498.71,29817820.23
2018-02-22,789.99,871.81,837.98,803.57,26905.05,22123158.68
2018-02-23,787.0,883.44,803.57,851.98,20669.2,17425267.71
2018-02-24,809.01,878.0,851.98,835.74,11028.29,9240502.17
2018-02-25,818.38,851.38,835.74,842.65,8988.89,7497588.33
2018-02-26,834.77,880.0,842.65,868.4,15603.01,13426195.18
2018-02-27,861.0,896.0,868.4,870.32,14062.01,12366980.38
2018-02-28,848.46,889.85,870.32,850.16,15701.07,13654448.62
2018-03-01,845.81,881.47,850.16,869.01,16063.6,13958089.6
2018-03-02,847.93,875.17,869.01,856.08,7584.52,6531494.58
2018-03-03,849.0,868.7,856.08,853.76,5600.73,4812826.3
2018-03-04,837.17,866.43,853.76,862.28,5387.93,4585621.88
2018-03-05,848.0,869.21,862.28,848.0,8662.08,7454520.86
2018-03-06,802.55,850.99,848.0,813.09,18233.71,15091451.81
2018-03-07,723.13,825.61,813.09,750.42,41014.67,31186784.89
2018-03-08,686.5,773.12,750.42,698.06,32177.2,23532983.02
2018-03-09,640.55,732.31,698.06,726.13,53099.98,36217417.2
2018-03-10,676.21,750.0,726.13,682.87,14417.57,10386109.79
2018-03-11,662.48,737.14,682.87,720.38,17188.71,12033021.61
2018-03-12,676.0,740.7,720.38,695.5,25021.99,17746205.68
2018-03-13,680.0,715.0,695.5,690.01,27159.25,18821683.36
2018-03-14,584.0,703.51,690.01,613.07,38834.72,24891541.86
2018-03-15,571.56,620.0,613.07,611.02,44548.03,26800176.92
2018-03-16,583.4,625.51,611.02,599.87,30596.65,18603170.86
2018-03-17,542.75,610.0,599.87,550.1,21796.89,12533882.59
2018-03-18,453.01,561.52,550.1,538.0,79232.22,39669901.87
2018-03-19,515.47,559.0,538.0,555.68,50383.27,27164244.84
2018-03-20,515.38,567.49,555.68,557.41,41228.07,22372593.36
2018-03-21,545.0,590.69,557.41,560.52,42065.02,23966692.42
2018-03-22,517.45,578.58,560.52,540.12,29000.28,15732431.06
2018-03-23,506.0,543.2,540.12,543.03,26831.19,13993919.05
2018-03-24,518.66,545.55,543.03,519.99,16223.12,8675984.5
2018-03-25,512.59,535.68,519.99,521.99,13946.26,7274739.21
2018-03-26,466.72,525.55,521.99,485.79,46310.09,22767520.72
2018-03-27,445.08,492.09,485.79,449.41,51374.77,23717562.77
2018-03-28,440.0,465.85,449.41,446.49,22678.78,10229638.29
2018-03-29,378.86,448.5,446.49,383.07,78007.79,31494020.96
2018-03-30,362.0,411.41,383.07,393.46,92799.41,35648684.52
2018-03-31,387.85,419.7,393.46,393.79,37134.69,14961868.1
2018-04-01,358.4,399.78,393.79,378.0,40341.46,15176213.97
2018-04-02,375.02,395.0,378.0,384.47,20485.05,7905826.4
2018-04-03,380.0,419.08,384.47,415.32,31371.19,12665490.73
2018-04-04,370.49,417.5,415.32,378.99,31337.18,12129246.25
2018-04-05,366.95,387.49,378.99,381.05,20729.05,7839973.51
2018-04-06,360.0,385.62,381.05,370.08,18493.15,6822681.99
2018-04-07,368.99,397.4,370.08,384.66,16411.98,6314152.63
2018-04-08,384.14,410.0,384.66,400.23,11317.66,4510027.19
2018-04-09,386.19,431.36,400.23,399.0,26518.22,10794949.12
2018-04-10,391.28,418.3,399.0,415.65,25139.03,10097890.07
2018-04-11,411.0,433.46,415.65,430.0,21763.25,9172418.45
2018-04-12,413.8,498.0,430.0,494.31,48431.86,21989054.67
2018-04-13,481.67,529.36,494.31,495.95,57808.73,29380218.17
2018-04-14,486.0,515.91,495.95,503.41,18199.93,9141352.03
2018-04-15,503.14,535.0,503.41,533.83,29650.65,15424854.36
2018-04-16,498.34,537.43,533.83,510.57,28988.81,14877297.5
2018-04-17,500.54,521.36,510.57,502.8,22085.39,11248019.95
2018-04-18,501.28,526.66,502.8,525.2,23073.93,11868079.69
2018-04-19,520.2,569.0,525.2,566.46,31732.09,17262758.57
2018-04-20,556.37,622.26,566.46,617.7,52187.09,30625886.34
2018-04-21,573.58,624.75,617.7,604.85,36398.73,21864943.78
2018-04-22,591.31,643.46,604.85,621.5,30537.8,18983954.8
2018-04-23,618.56,648.24,621.5,643.77,24226.71,15454599.33
2018-04-24,643.68,711.7,643.77,703.71,54671.06,37658711.96
2018-04-25,595.0,704.01,703.71,617.02,112502.46,71898152.12
2018-04-26,598.15,666.0,617.02,660.95,49649.48,31048589.4
2018-04-27,636.15,685.0,660.95,642.54,29571.04,19744517.72
2018-04-28,639.05,697.08,642.54,683.38,24553.17,16696443.32
2018-04-29,666.0,699.97,683.38,689.23,22215.95,15200757.04
2018-04-30,663.0,694.14,689.23,669.98,23810.06,16215129.92
2018-05-01,627.22,674.01,669.98,669.86,36528.64,23786117.68
2018-05-02,661.03,690.05,669.86,687.29,27719.04,18812632.05
2018-05-03,684.89,785.0,687.29,776.92,54001.98,39662583.12
2018-05-04,758.1,803.99,776.92,782.47,30244.06,23710094.63
2018-05-05,778.03,830.0,782.47,815.45,16170.22,13099107.07
2018-05-06,749.0,832.37,815.45,787.42,30945.17,24207174.37
2018-05-07,691.99,791.0,787.42,751.18,53733.47,39231856.77
2018-05-08,716.0,775.11,751.18,747.92,37843.38,28009168.22
2018-05-09,710.01,759.9,747.92,749.58,35051.92,25752685.44
2018-05-10,720.0,766.99,749.58,723.6,29806.88,22330339.48
2018-05-11,662.57,735.68,723.6,677.26,50671.75,35055783.87
2018-05-12,638.15,692.7,677.26,683.99,31181.08,20717889.95
2018-05-13,668.78,741.61,683.99,730.06,31210.26,21960407.95
2018-05-14,686.63,743.0,730.06,727.62,43957.93,31490190.07
2018-05-15,695.74,739.37,727.62,707.38,30116.83,21824205.76
2018-05-16,674.57,712.0,707.38,706.88,24194.54,16797410.82
2018-05-17,660.65,718.9,706.88,669.04,35431.74,24678761.6
2018-05-18,656.36,694.96,669.04,692.54,23002.33,15531259.28
2018-05-19,683.0,716.93,692.54,695.88,12333.29,8619183.38
2018-05-20,687.89,723.16,695.88,716.0,10793.91,7692574.17
2018-05-21,687.8,720.0,716.0,696.43,13978.12,9859494.89
2018-05-22,637.93,699.57,696.43,640.86,30230.0,20371982.92
2018-05-23,564.94,649.89,640.86,576.84,67508.31,40520621.6
2018-05-24,549.28,609.0,576.84,601.76,42744.25,24892035.28
2018-05-25,569.19,616.18,601.76,584.99,22893.39,13595197.96
2018-05-26,578.84,607.7,584.99,585.65,9028.9,5360504.55
2018-05-27,556.92,592.88,585.65,571.39,11946.29,6859871.71
2018-05-28,506.3,576.45,571.39,512.23,22259.11,11912155.04
2018-05-29,510.05,573.34,512.23,566.99,35847.36,19319909.05
2018-05-30,541.3,585.32,566.99,556.82,34053.02,19104926.92
2018-05-31,553.2,586.0,556.82,576.85,32196.4,18470465.66
2018-06-01,563.38,589.0,576.85,578.96,22076.54,12727204.53
2018-06-02,573.32,599.5,578.96,591.0,15555.64,9150290.07
2018-06-03,590.0,628.78,591.0,619.59,10974.65,6732722.23
2018-06-04,579.03,625.4,619.59,590.0,21461.18,12913293.8
2018-06-05,576.47,613.0,590.0,607.53,36158.04,21501507.33
2018-06-06,593.4,612.04,607.53,606.39,21138.65,12741072.02
2018-06-07,597.96,616.74,606.39,604.05,21291.02,12941701.39
2018-06-08,592.06,608.0,604.05,599.88,13892.62,8341791.84
2018-06-09,590.93,610.0,599.88,593.88,4135.69,2488952.91
2018-06-10,504.0,593.88,593.88,526.28,40970.53,22399874.48
2018-06-11,509.85,536.87,526.28,530.57,28129.93,14722723.76
2018-06-12,485.0,540.56,530.57,494.16,23604.47,12093609.39
2018-06-13,449.65,501.71,494.16,475.89,38425.71,18198066.59
2018-06-14,460.25,527.97,475.89,520.57,48837.27,24131512.02
2018-06-15,483.73,522.31,520.57,488.27,21467.66,10793358.79
2018-06-16,483.16,502.82,488.27,497.84,7986.64,3954540.56
2018-06-17,493.3,510.0,497.84,497.26,11403.09,5738921.47
2018-06-18,487.3,524.54,497.26,517.04,12730.78,6462798.2
2018-06-19,514.62,547.82,517.04,538.11,16731.88,8903110.41
2018-06-20,516.97,542.29,538.11,536.3,13158.59,6985736.55
2018-06-21,521.04,545.23,536.3,525.27,12803.87,6798779.96
2018-06-22,449.91,526.27,525.27,462.86,51972.46,25181790.28
2018-06-23,457.16,482.53,462.86,475.35,7043.56,3319064.02
2018-06-24,421.0,476.42,475.35,455.27,26971.2,12011788.16
2018-06-25,445.0,474.69,455.27,458.48,25796.12,11814090.61
2018-06-26,428.87,461.65,458.48,429.73,23672.15,10591282.69
2018-06-27,420.0,446.66,429.73,441.55,19038.2,8210469.4
2018-06-28,417.0,443.67,441.55,420.51,11044.72,4768027.53
2018-06-29,404.98,442.08,420.51,434.4,22951.4,9557402.17
2018-06-30,434.4,463.0,434.4,453.84,17994.05,8074383.08
2018-07-01,444.33,456.99,453.84,452.42,11857.34,5362612.82
2018-07-02,443.28,481.7,452.42,475.63,26051.77,12095485.03
2018-07-03,459.66,486.99,475.63,460.89,16389.19,7733222.42
2018-07-04,451.06,482.2,460.89,466.99,16081.83,7489591.49
2018-07-05,457.37,479.05,466.99,467.98,14252.21,6683988.84
2018-07-06,450.08,477.0,467.98,469.99,9005.83,4183244.49
2018-07-07,461.26,487.0,469.99,485.68,7700.5,3650553.96
2018-07-08,481.92,495.48,485.68,485.52,8879.97,4321466.68
2018-07-09,468.17,488.64,485.52,471.76,12176.44,5831552.37
2018-07-10,426.95,473.48,471.76,433.24,32529.14,14465722.84
2018-07-11,424.89,447.1,433.24,444.34,11055.06,4831248.18
2018-07-12,417.37,445.92,444.34,430.57,13839.76,5933860.05
2018-07-13,424.0,442.4,430.57,433.43,11426.97,4961020.34
2018-07-14,428.2,439.99,433.43,433.37,3707.71,1607752.46
2018-07-15,431.05,454.94,433.37,449.54,11051.8,4954806.28
2018-07-16,444.02,480.0,449.54,478.0,17599.98,8236863.39
2018-07-17,465.75,511.44,478.0,498.9,27583.62,13491675.6
2018-07-18,469.06,514.94,498.9,479.47,17950.88,8827798.19
2018-07-19,462.45,483.73,479.47,468.58,9223.82,4361604.85
2018-07-20,441.0,469.66,468.58,447.34,11213.47,5119097.95
2018-07-21,441.33,468.68,447.34,461.39,5795.98,2665757.34
2018-07-22,453.0,471.51,461.39,457.0,5169.7,2394027.55
2018-07-23,445.74,469.51,457.0,449.73,11768.88,5404493.57
2018-07-24,448.01,483.24,449.73,479.58,15138.01,7103846.09
2018-07-25,463.1,484.64,479.58,471.33,11699.13,5547067.79
2018-07-26,459.57,484.14,471.33,461.98,10386.12,4920088.7
2018-07-27,455.8,474.61,461.98,469.21,10102.08,4684922.19
2018-07-28,461.11,472.0,469.21,469.0,2160.23,1009706.15
2018-07-29,461.8,471.97,469.0,466.47,2204.24,1028442.56
2018-07-30,445.5,469.06,466.47,456.97,10719.74,4892642.39
2018-07-31,427.3,457.23,456.97,432.29,16276.38,7090601.79
2018-08-01,407.49,434.41,432.29,420.06,17818.57,7468005.1
2018-08-02,407.33,424.85,420.06,410.56,14313.3,5954815.21
2018-08-03,397.41,419.88,410.56,416.91,15210.82,6209972.29
2018-08-04,401.16,418.99,416.91,406.54,10050.63,4122164.46
2018-08-05,400.36,413.58,406.54,408.97,7449.33,3029059.21
2018-08-06,400.59,412.99,408.97,404.25,9716.07,3953960.95
2018-08-07,369.22,410.67,404.25,378.3,22084.43,8700819.43
2018-08-08,347.62,381.52,378.3,355.59,38217.34,13959803.63
2018-08-09,350.84,370.43,355.59,363.52,30689.28,11058293.08
2018-08-10,326.0,366.23,363.52,331.63,21295.27,7453618.69
2018-08-11,305.2,332.84,331.63,317.5,28984.52,9222618.76
2018-08-12,314.01,328.69,317.5,318.08,15797.54,5068227.2
2018-08-13,281.07,321.86,318.08,283.95,35376.53,10739356.81
2018-08-14,250.54,283.96,283.95,277.83,93651.36,24682548.69
2018-08-15,276.87,305.76,277.83,281.17,36888.34,10654712.32
2018-08-16,278.14,298.97,281.17,286.62,26607.61,7707006.73
2018-08-17,285.11,318.53,286.62,317.43,38560.07,11620021.97
2018-08-18,282.67,321.18,317.43,293.83,28432.14,8484409.55
2018-08-19,289.13,306.65,293.83,299.97,15283.59,4543476.94
2018-08-20,269.35,303.99,299.97,270.85,24070.61,6858707.92
2018-08-21,269.73,285.71,270.85,281.25,17859.54,4946818.1
2018-08-22,258.99,298.89,281.25,269.99,28132.21,7854319.61
2018-08-23,268.17,280.65,269.99,275.72,17426.25,4778703.6
2018-08-24,270.01,283.72,275.72,280.9,12600.89,3488787.96
2018-08-25,276.2,283.14,280.9,277.99,2568.84,717109.38
2018-08-26,269.61,277.99,277.99,274.69,6441.85,1763186.35
2018-08-27,271.3,288.25,274.69,287.99,12957.61,3604170.34
2018-08-28,282.5,297.97,287.99,295.9,18066.32,5223906.6
2018-08-29,284.0,297.04,295.9,288.34,10750.94,3124396.9
2018-08-30,272.23,290.81,288.34,284.21,21610.46,6085859.05
2018-08-31,276.23,284.93,284.21,281.49,13576.45,3813282.84
2018-09-01,281.47,302.66,281.49,295.45,13507.21,3963848.19
2018-09-02,288.78,299.16,295.45,294.75,13789.7,4065231.51
2018-09-03,285.0,296.38,294.75,288.85,14272.21,4126843.82
2018-09-04,281.99,292.29,288.85,285.22,20921.81,6003554.03
2018-09-05,226.0,287.55,285.22,227.99,53395.65,13681147.4
2018-09-06,210.79,259.48,227.99,229.03,62118.89,13883562.35
2018-09-07,213.37,233.99,229.03,214.77,47472.43,10449814.0
2018-09-08,190.11,220.38,214.77,197.16,51520.37,10496585.46
2018-09-09,185.82,208.37,197.16,195.8,37329.69,7367237.48
2018-09-10,186.44,202.77,195.8,196.66,44437.24,8631136.76
2018-09-11,176.0,199.03,196.66,185.04,83013.95,15473033.2
2018-09-12,167.0,185.04,185.04,182.78,70517.51,12243949.53
2018-09-13,182.78,214.88,182.78,211.31,90544.48,18089296.99
2018-09-14,202.53,223.91,211.31,208.71,72124.27,15423847.44
2018-09-15,208.19,227.0,208.71,221.93,16998.02,3755322.84
2018-09-16,205.62,223.0,221.93,220.08,17787.09,3854901.43
2018-09-17,192.0,225.0,220.08,196.16,50924.54,10670230.06
2018-09-18,194.0,214.39,196.16,208.53,35938.82,7361930.15
2018-09-19,196.66,214.7,208.53,209.48,49875.25,10352434.05
2018-09-20,206.8,227.68,209.48,224.3,36283.33,7783867.16
2018-09-21,220.64,252.14,224.3,247.64,74459.86,17379203.29
2018-09-22,232.6,255.89,247.64,239.93,31193.61,7489333.75
2018-09-23,237.0,249.44,239.93,244.14,19335.63,4684844.14
2018-09-24,224.5,245.76,244.14,228.05,22921.36,5365375.55
2018-09-25,203.25,228.05,228.05,218.85,43699.63,9326270.49
2018-09-26,207.21,223.0,218.85,214.42,29637.42,6381531.29
2018-09-27,210.0,234.0,214.42,228.58,46089.96,10193571.57
2018-09-28,214.32,233.65,228.58,220.94,40540.78,9110737.6
2018-09-29,212.54,236.98,220.94,230.56,32806.05,7400428.2
2018-09-30,224.0,238.47,230.56,231.96,16082.95,3723681.92
2018-10-01,218.0,234.58,231.96,229.66,13722.65,3140788.73
2018-10-02,221.39,230.74,229.66,224.83,14497.18,3278403.54
2018-10-03,210.5,225.22,224.83,218.96,38697.23,8425923.0
2018-10-04,218.12,225.0,218.96,221.07,18385.69,4093117.44
2018-10-05,218.28,230.29,221.07,226.73,14379.43,3205683.0
2018-10-06,222.0,227.19,226.73,223.06,9560.63,2140057.13
2018-10-07,220.1,225.98,223.06,224.34,11745.44,2615518.47
2018-10-08,222.2,230.98,224.34,227.79,25183.75,5718144.7
2018-10-09,224.84,228.8,227.79,226.3,13511.68,3059606.06
2018-10-10,221.11,226.47,226.3,223.38,13550.03,3024431.58
2018-10-11,185.0,223.39,223.38,188.42,71605.68,14355465.32
2018-10-12,186.89,197.89,188.42,194.67,22858.63,4427634.46
2018-10-13,193.0,199.27,194.67,196.79,13570.9,2673932.67
2018-10-14,187.45,199.5,196.79,192.01,13545.9,2643907.03
2018-10-15,189.71,219.75,192.01,204.86,103720.6,21170412.65
2018-10-16,201.99,208.26,204.86,205.69,30429.74,6217554.5
2018-10-17,200.99,206.4,205.69,203.41,29120.25,5943379.9
2018-10-18,196.63,205.95,203.41,199.29,38882.43,7856164.25
2018-10-19,197.27,202.1,199.29,200.08,26749.5,5344344.66
2018-10-20,198.84,206.0,200.08,202.59,18269.03,3701056.05
2018-10-21,201.08,206.21,202.59,202.19,27494.39,5617387.42
2018-10-22,199.33,203.24,202.19,201.23,11504.27,2319051.57
2018-10-23,197.65,202.1,201.23,200.96,20103.28,4024804.89
2018-10-24,200.0,202.84,200.96,200.67,15650.84,3152241.52
2018-10-25,197.88,200.89,200.67,199.66,11922.85,2378708.36
2018-10-26,198.54,204.27,199.66,200.69,18949.9,3807455.88
2018-10-27,199.92,201.97,200.69,201.26,6425.65,1291298.59
2018-10-28,200.8,203.16,201.26,202.44,6449.18,1301562.28
2018-10-29,191.37,202.77,202.44,194.14,20088.4,3948123.8
2018-10-30,192.96,196.69,194.14,195.3,11520.63,2239544.76
2018-10-31,191.65,199.16,195.3,196.68,14454.24,2821187.17
2018-11-01,195.96,198.56,196.68,197.73,7295.7,1435281.07
2018-11-02,197.46,201.49,197.73,199.9,9539.34,1899876.84
2018-11-03,197.95,200.2,199.9,198.78,5369.46,1067120.69
2018-11-04,197.61,217.21,198.78,210.28,27729.64,5789360.48
2018-11-05,205.04,212.0,210.28,208.81,18906.64,3939148.84
2018-11-06,206.96,219.07,208.81,218.24,36929.14,7877168.74
2018-11-07,215.29,222.98,218.24,216.6,31083.65,6808822.93
2018-11-08,209.27,218.15,216.6,210.14,22796.36,4857072.7
2018-11-09,206.01,212.27,210.14,208.05,13251.9,2772477.73
2018-11-10,207.6,212.5,208.05,210.38,9033.53,1902409.24
2018-11-11,206.11,211.2,210.38,210.03,5726.09,1195444.94
2018-11-12,206.92,211.25,210.03,208.83,8445.99,1769090.32
2018-11-13,202.71,208.83,208.83,203.43,18466.66,3796109.67
2018-11-14,165.01,204.83,203.43,178.04,141671.87,25728416.63
2018-11-15,165.14,181.0,178.04,178.6,87090.27,15159151.05
2018-11-16,169.25,179.41,178.6,172.11,41057.33,7211517.73
2018-11-17,170.45,176.0,172.11,172.4,14302.71,2462724.98
2018-11-18,172.15,179.95,172.4,175.99,19080.46,3341732.12
2018-11-19,142.27,175.99,175.99,145.31,167446.47,26060046.53
2018-11-20,121.61,149.35,145.31,127.36,213254.04,28436168.07
2018-11-21,122.37,137.46,127.36,134.44,132529.03,17389370.72
2018-11-22,122.42,136.6,134.44,123.4,49385.81,6435129.94
2018-11-23,116.18,125.14,123.4,121.33,103946.28,12549526.12
2018-11-24,106.81,125.99,121.33,110.26,65552.52,7575895.02
2018-11-25,98.11,119.06,110.26,113.59,153776.01,16620110.84
2018-11-26,102.69,117.59,113.59,106.82,128626.55,14157061.48
2018-11-27,99.0,111.22,106.82,108.47,93266.16,9760143.8
2018-11-28,108.47,125.57,108.47,121.81,130815.99,15186828.78
2018-11-29,113.05,123.21,121.81,116.46,76052.18,8993146.89
2018-11-30,108.83,119.08,116.46,111.9,58500.83,6625678.56
2018-12-01,109.99,119.74,111.9,116.8,35465.73,4071998.6
2018-12-02,113.95,119.35,116.8,114.91,29589.07,3429422.36
2018-12-03,104.36,115.65,114.91,107.28,56880.04,6216848.02
2018-12-04,104.16,112.18,107.28,108.8,37740.21,4109004.34
2018-12-05,100.21,109.12,108.8,100.67,97484.85,10168979.03
2018-12-06,88.86,103.01,100.67,89.16,137644.28,13474890.4
2018-12-07,81.19,109.43,89.16,92.5,237675.43,20804425.36
2018-12-08,83.7,97.51,92.5,90.07,105438.37,9487885.38
2018-12-09,88.09,98.41,90.07,92.63,73663.44,6818981.68
2018-12-10,87.32,94.6,92.63,89.27,53990.16,4860115.68
2018-12-11,85.0,91.02,89.27,86.9,50282.86,4402897.58
2018-12-12,86.0,91.01,86.9,89.09,41368.2,3677003.52
2018-12-13,83.7,90.24,89.09,85.31,51053.08,4456171.82
2018-12-14,80.9,85.91,85.31,82.91,74615.34,6244096.09
2018-12-15,80.99,84.15,82.91,83.08,18287.27,1511809.9
2018-12-16,82.94,86.65,83.08,83.76,20838.34,1776305.06
2018-12-17,83.5,96.78,83.76,93.98,87185.89,7820357.74
2018-12-18,91.49,101.59,93.98,100.89,68453.86,6483436.45
2018-12-19,98.25,108.13,100.89,99.27,146412.01,15139980.65
2018-12-20,98.0,117.0,99.27,114.54,151025.62,16536573.0
2018-12-21,105.05,118.94,114.54,107.71,84037.83,9465598.52
2018-12-22,105.46,116.39,107.71,115.6,28444.97,3163394.04
2018-12-23,115.6,133.0,115.6,129.73,71583.28,9092148.04
2018-12-24,129.41,159.11,129.73,139.0,158798.86,23035958.03
2018-12-25,120.62,140.01,139.0,128.81,104262.02,13321742.94
2018-12-26,123.28,136.76,128.81,130.53,67426.99,8761405.48
2018-12-27,112.3,131.77,130.53,114.6,69777.0,8448198.39
2018-12-28,113.14,138.82,114.6,136.94,91051.99,11600312.05
2018-12-29,121.7,150.04,136.94,134.02,67314.52,9242532.53
2018-12-30,128.65,140.35,134.02,138.56,45952.5,6211084.38
2018-12-31,128.42,139.01,138.56,130.67,34827.16,4673530.19
2019-01-01,129.5,141.25,130.67,139.75,28500.87,3878124.34
2019-01-02,138.54,156.8,139.75,153.35,48537.96,7177194.13
2019-01-03,144.09,154.73,153.35,147.02,36630.17,5440336.56
2019-01-04,145.02,156.48,147.02,152.98,62279.3,9392620.82
2019-01-05,152.31,160.95,152.98,153.85,44910.48,7046576.74
2019-01-06,148.47,159.66,153.85,156.0,46616.8,7166974.59
2019-01-07,148.53,157.24,156.0,150.66,31949.93,4887257.94
2019-01-08,146.55,153.0,150.66,149.01,41159.88,6160431.94
2019-01-09,147.7,153.0,149.01,149.56,36745.16,5523618.23
2019-01-10,122.21,151.1,149.56,126.45,111302.28,14677611.21
2019-01-11,121.52,128.74,126.45,125.93,61032.04,7671457.98
2019-01-12,123.37,127.37,125.93,124.56,15433.27,1938365.15
2019-01-13,113.46,125.52,124.56,115.25,33514.37,3968636.4
2019-01-14,115.24,131.47,115.25,128.33,58206.75,7196542.14
2019-01-15,116.68,130.59,128.33,120.04,63432.03,7947280.56
2019-01-16,119.29,127.77,120.04,122.14,43625.55,5331521.85
2019-01-17,116.97,123.9,122.14,122.52,53843.63,6513276.8
2019-01-18,118.22,122.73,122.52,119.35,30260.24,3653629.77
2019-01-19,118.7,127.0,119.35,123.09,34191.2,4227370.82
2019-01-20,115.49,123.89,123.09,117.48,31264.35,3727909.26
2019-01-21,113.44,118.24,117.48,115.86,31173.0,3628024.75
2019-01-22,111.01,119.98,115.86,118.0,50330.73,5844691.3
2019-01-23,114.91,118.96,118.0,116.56,34623.85,4059783.63
2019-01-24,113.5,117.17,116.56,116.5,37460.29,4326693.39
2019-01-25,114.12,117.12,116.5,114.79,34789.74,4022263.42
2019-01-26,114.57,117.64,114.79,114.95,9891.86,1143403.31
2019-01-27,110.32,115.8,114.95,111.33,17330.9,1960508.11
2019-01-28,100.9,112.14,111.33,105.47,69204.93,7272386.81
2019-01-29,102.1,105.95,105.47,104.1,43953.14,4578095.29
2019-01-30,102.89,109.4,104.1,107.6,35999.18,3843973.56
2019-01-31,104.78,110.07,107.6,105.81,19518.1,2086883.0
2019-02-01,103.0,107.62,105.81,106.03,56576.17,5937197.66
2019-02-02,105.04,110.0,106.03,109.24,21713.95,2324895.72
2019-02-03,104.44,110.02,109.24,105.91,30157.93,3227918.94
2019-02-04,105.3,107.91,105.91,105.95,36049.24,3830928.74
2019-02-05,105.14,106.6,105.95,106.0,20729.95,2195189.22
2019-02-06,100.0,106.42,106.0,103.32,63445.23,6481035.5
2019-02-07,102.6,104.88,103.32,103.3,31884.28,3305768.13
2019-02-08,102.38,121.67,103.3,118.19,86340.01,9635386.67
2019-02-09,116.54,119.97,118.19,117.92,28790.32,3396967.62
2019-02-10,114.83,125.1,117.92,123.94,38027.62,4496265.99
2019-02-11,118.11,124.04,123.94,119.43,70682.85,8471414.91
2019-02-12,117.0,122.3,119.43,120.93,45614.76,5466468.59
2019-02-13,119.5,125.12,120.93,120.61,52674.91,6396674.41
2019-02-14,118.89,123.34,120.61,119.28,47805.06,5772118.03
2019-02-15,119.0,123.4,119.28,120.45,54459.26,6572877.58
2019-02-16,120.4,123.71,120.45,121.68,20838.98,2538865.36
2019-02-17,121.3,134.38,121.68,132.28,67865.06,8609252.79
2019-02-18,131.0,147.91,132.28,144.52,149249.33,20963651.49
2019-02-19,141.5,149.21,144.52,142.62,89246.37,13021500.15
2019-02-20,139.01,148.62,142.62,147.03,74898.78,10794520.11
2019-02-21,141.61,149.5,147.03,144.3,56775.01,8213401.87
2019-02-22,142.11,147.52,144.3,146.4,86017.14,12527296.7
2019-02-23,144.8,160.0,146.4,157.42,96848.66,14841895.1
2019-02-24,131.4,165.76,157.42,131.84,147378.26,21635513.07
2019-02-25,131.42,141.98,131.84,137.63,82953.04,11372356.62
2019-02-26,132.05,138.07,137.63,135.9,54544.72,7394362.93
2019-02-27,125.66,139.83,135.9,134.06,82251.52,10992970.98
2019-02-28,131.65,139.05,134.06,134.34,70901.88,9608610.44
2019-03-01,133.77,137.6,134.34,134.83,35448.66,4798074.59
2019-03-02,129.55,135.48,134.83,132.19,38225.98,5046582.86
2019-03-03,127.34,134.42,132.19,129.63,25772.18,3393731.79
2019-03-04,122.52,130.36,129.63,125.16,55433.28,6982620.43
2019-03-05,124.75,137.64,125.16,136.18,62120.3,8235874.2
2019-03-06,133.25,140.13,136.18,137.04,39998.93,5464628.38
2019-03-07,134.65,139.8,137.04,136.1,49710.29,6802952.48
2019-03-08,128.85,138.59,136.1,132.8,48099.69,6485208.19
2019-03-09,132.03,138.2,132.8,136.33,31318.53,4261290.4
2019-03-10,133.31,136.83,136.33,134.59,17958.35,2420897.72
2019-03-11,130.46,135.43,134.59,131.94,45090.04,5970837.14
2019-03-12,127.35,134.37,131.94,132.67,35175.21,4636975.4
2019-03-13,130.12,132.76,132.67,131.16,13036.65,1711002.22
2019-03-14,128.66,135.08,131.16,131.3,26840.14,3527919.76
2019-03-15,131.3,136.93,131.3,135.77,41508.31,5570384.52
2019-03-16,135.77,143.85,135.77,140.38,41397.06,5813919.71
2019-03-17,135.55,140.38,140.38,138.15,24602.44,3397729.88
2019-03-18,135.42,141.34,138.15,136.86,39466.65,5425351.21
2019-03-19,136.3,138.75,136.86,138.08,22557.85,3101408.21
2019-03-20,135.26,139.31,138.08,138.71,22621.67,3108658.96
2019-03-21,132.0,139.11,138.71,134.49,34147.45,4647884.17
2019-03-22,134.0,137.01,134.49,135.6,26102.14,3545151.47
2019-03-23,135.2,137.7,135.6,136.63,12263.99,1673936.18
2019-03-24,134.15,136.63,136.63,135.29,12456.13,1686910.37
2019-03-25,130.6,136.25,135.29,133.28,33100.98,4435336.55
2019-03-26,131.46,133.93,133.28,133.1,30132.42,3994115.96
2019-03-27,132.98,139.63,133.1,138.97,30664.94,4204614.96
2019-03-28,135.78,139.07,138.97,137.35,23890.12,3284064.47
2019-03-29,137.0,143.18,137.35,142.79,34215.01,4788637.17
2019-03-30,139.91,145.5,142.79,142.27,38808.26,5556665.94
2019-03-31,140.08,142.3,142.27,141.02,10100.86,1425851.0
2019-04-01,138.27,142.95,141.02,141.0,39721.88,5619378.34
2019-04-02,140.7,168.72,141.0,164.58,179781.78,27923898.3
2019-04-03,152.42,180.03,164.58,160.89,196372.07,33099482.52
2019-04-04,152.95,164.97,160.89,157.72,111326.82,17717661.43
2019-04-05,156.2,168.64,157.72,166.06,54449.38,8913519.58
2019-04-06,160.0,173.06,166.06,166.0,41866.95,6960531.89
2019-04-07,164.11,176.57,166.0,174.9,41923.93,7139796.88
2019-04-08,173.66,187.26,174.9,180.72,91552.87,16543431.49
2019-04-09,174.19,180.84,180.72,175.59,65106.72,11529142.45
2019-04-10,167.0,185.71,175.59,177.7,80893.41,14500408.86
2019-04-11,160.33,178.0,177.7,164.96,67341.23,11271219.25
2019-04-12,159.17,167.57,164.96,164.11,56210.43,9238542.32
2019-04-13,161.85,166.1,164.11,163.65,18114.24,2969670.92
2019-04-14,161.5,169.36,163.65,168.0,25243.02,4160848.98
2019-04-15,156.02,169.57,168.0,159.91,56905.79,9311206.22
2019-04-16,159.47,168.08,159.91,166.52,38535.23,6309870.45
2019-04-17,164.44,168.67,166.52,166.74,37151.44,6174999.45
2019-04-18,166.08,176.37,166.74,174.17,53731.45,9278280.63
2019-04-19,169.09,174.33,174.17,173.66,30458.13,5248303.81
2019-04-20,170.75,177.92,173.66,173.5,18828.9,3272994.33
2019-04-21,166.13,174.29,173.5,169.87,26715.76,4532270.85
2019-04-22,168.32,174.0,169.87,171.47,37737.23,6444593.71
2019-04-23,168.7,177.07,171.47,170.3,69287.71,12021725.6
2019-04-24,160.28,171.07,170.3,165.74,70627.45,11684067.15
2019-04-25,146.17,166.33,165.74,152.0,82295.77,13083939.9
2019-04-26,148.6,155.78,152.0,153.1,64658.7,9819318.31
2019-04-27,152.5,158.55,153.1,155.68,29264.72,4524251.05
2019-04-28,152.33,156.49,155.68,153.13,27662.24,4282879.75
2019-04-29,148.1,154.6,153.13,152.42,33614.9,5107726.45
2019-04-30,152.42,161.17,152.42,160.06,39828.78,6236635.87
2019-05-01,156.52,162.82,160.06,158.3,31495.31,5002990.17
2019-05-02,155.2,160.78,158.3,158.52,23265.08,3679180.82
2019-05-03,157.7,169.0,158.52,164.82,69970.42,11500811.43
2019-05-04,157.75,169.0,164.82,161.95,57801.25,9367572.93
2019-05-05,155.47,163.58,161.95,161.35,25386.68,4080905.14
2019-05-06,157.63,175.98,161.35,171.21,85969.26,14353670.36
2019-05-07,165.02,180.74,171.21,166.15,114664.73,19893232.98
2019-05-08,162.25,172.01,166.15,169.61,65393.86,10954974.38
2019-05-09,165.23,173.5,169.61,170.18,48059.87,8103570.87
2019-05-10,167.41,176.12,170.18,172.3,79481.1,13707986.68
2019-05-11,172.04,207.0,172.3,192.0,175770.86,33433828.92
2019-05-12,182.64,204.19,192.0,188.26,142728.78,27431147.86
2019-05-13,185.64,208.9,188.26,196.47,134219.12,26476647.85
2019-05-14,194.99,220.99,196.47,217.5,158567.56,33091451.83
2019-05-15,217.29,250.8,217.5,248.79,169027.32,39499778.73
2019-05-16,242.0,281.0,248.79,264.51,271581.7,70915018.68
2019-05-17,214.0,269.55,264.51,244.09,201085.32,47938847.91
2019-05-18,231.2,248.33,244.09,234.03,43368.92,10383143.82
2019-05-19,232.58,264.76,234.03,261.34,94555.01,24044292.71
2019-05-20,238.88,261.34,261.34,252.38,82902.07,20683071.37
2019-05-21,247.67,264.56,252.38,254.77,79133.77,20193720.73
2019-05-22,239.59,261.41,254.77,243.64,90073.84,22613194.16
2019-05-23,231.2,248.48,243.64,245.79,70346.85,16890147.91
2019-05-24,242.44,256.33,245.79,249.65,62644.72,15741382.14
2019-05-25,248.34,259.01,249.65,251.95,32954.58,8345272.61
2019-05-26,245.98,272.9,251.95,268.21,51946.76,13477189.9
2019-05-27,264.75,279.98,268.21,271.79,78270.56,21088299.05
2019-05-28,265.37,276.51,271.79,271.0,42169.42,11393998.07
2019-05-29,256.56,274.47,271.0,269.29,42713.26,11475270.25
2019-05-30,239.33,289.04,269.29,254.37,115975.6,31345359.67
2019-05-31,245.07,268.86,254.37,267.07,76425.4,19612910.93
2019-06-01,260.88,274.86,267.07,264.56,33251.56,8887031.97
2019-06-02,264.04,274.7,264.56,269.42,29984.16,8083982.85
2019-06-03,247.11,270.36,269.42,249.5,58285.48,15087618.11
2019-06-04,232.2,250.99,249.5,240.66,84454.03,20509984.03
2019-06-05,237.66,249.3,240.66,246.18,36220.0,8829637.67
2019-06-06,235.33,251.22,246.18,249.46,35865.44,8729638.17
2019-06-07,244.92,254.57,249.46,249.35,37523.34,9343833.98
2019-06-08,241.57,250.96,249.35,244.43,13387.46,3296334.67
2019-06-09,223.0,245.71,244.43,231.73,41047.32,9612597.03
2019-06-10,227.47,248.72,231.73,247.81,45937.8,11046068.12
2019-06-11,236.91,249.53,247.81,245.25,34471.81,8380635.36
2019-06-12,243.0,263.68,245.25,262.54,55099.5,13981592.47
2019-06-13,254.18,264.5,262.54,255.14,45756.74,11871659.15
2019-06-14,252.33,266.29,255.14,263.71,32537.85,8376996.73
2019-06-15,261.71,273.64,263.71,269.29,41924.19,11164052.89
2019-06-16,263.2,279.2,269.29,268.19,54620.71,14799165.05
2019-06-17,267.65,275.83,268.19,273.94,48516.0,13206038.98
2019-06-18,260.58,274.03,273.94,264.24,66608.96,17753776.49
2019-06-19,263.41,270.35,264.24,269.0,35116.84,9378984.44
2019-06-20,266.38,274.55,269.0,272.01,24265.84,6545244.46
2019-06-21,272.01,297.1,272.01,295.93,76545.37,21974969.4
2019-06-22,293.39,315.4,295.93,308.32,75170.34,22946760.5
2019-06-23,303.59,318.28,308.32,306.39,35865.57,11139479.42
2019-06-24,295.38,313.42,306.39,310.98,40545.92,12421813.29
2019-06-25,305.81,317.55,310.98,316.88,30194.94,9419408.97
2019-06-26,310.0,363.18,316.88,334.78,160023.06,53972881.28
2019-06-27,274.23,343.44,334.78,293.57,163007.01,49829230.77
2019-06-28,288.0,312.77,293.57,309.87,65975.0,19894123.02
2019-06-29,291.12,323.8,309.87,318.0,52952.31,16129808.88
2019-06-30,285.77,323.0,318.0,289.95,54442.23,16440788.42
2019-07-01,261.38,301.28,289.95,293.81,70308.88,20054043.93
2019-07-02,271.03,296.09,293.81,291.36,74716.32,21008670.61
2019-07-03,289.46,303.5,291.36,301.98,48445.04,14294776.05
2019-07-04,280.28,304.0,301.98,282.77,33386.22,9788691.38
2019-07-05,280.0,295.17,282.77,287.95,48468.59,13959641.62
2019-07-06,285.05,298.16,287.95,287.65,23747.76,6927496.6
2019-07-07,284.01,310.7,287.65,306.59,41312.63,12360384.3
2019-07-08,302.38,315.0,306.59,313.21,43924.56,13575889.34
2019-07-09,302.95,318.7,313.21,307.6,66019.51,20579851.95
2019-07-10,280.19,314.98,307.6,288.73,82527.78,24487226.52
2019-07-11,262.02,288.73,288.73,269.01,65312.69,17740774.36
2019-07-12,265.91,279.67,269.01,275.66,39207.45,10714395.29
2019-07-13,261.97,275.9,275.66,269.06,27792.39,7483559.54
2019-07-14,191.91,269.84,269.06,225.89,102720.86,24410537.1
2019-07-15,202.27,235.76,225.89,228.65,91567.68,20399876.72
2019-07-16,190.41,234.68,228.65,198.44,110190.15,23071170.63
2019-07-17,192.01,220.0,198.44,211.47,77380.78,15932975.99
2019-07-18,206.32,230.01,211.47,226.03,54700.27,11988414.05
2019-07-19,213.15,226.66,226.03,221.34,37729.77,8290090.97
2019-07-20,220.35,236.52,221.34,228.66,30788.9,7027170.24
2019-07-21,217.24,229.78,228.66,225.28,18006.46,4015229.28
2019-07-22,211.34,228.3,225.28,217.13,42402.27,9298241.15
2019-07-23,208.5,219.23,217.13,211.96,29596.27,6310503.6
2019-07-24,200.59,218.22,211.96,216.57,56495.53,11787949.15
2019-07-25,215.51,226.0,216.57,219.17,21710.11,4804951.78
2019-07-26,212.51,220.87,219.17,219.21,21607.76,4685417.91
2019-07-27,202.01,223.74,219.21,206.88,35797.79,7517504.5
2019-07-28,197.81,213.34,206.88,211.14,22667.4,4660507.42
2019-07-29,205.51,215.49,211.14,210.81,19892.38,4178814.13
2019-07-30,204.08,214.89,210.81,209.81,14993.07,3144499.28
2019-07-31,209.65,218.9,209.81,218.68,23170.6,4976507.35
2019-08-01,210.98,219.43,218.68,217.72,21094.48,4516885.53
2019-08-02,214.74,222.98,217.72,217.62,21577.24,4723153.23
2019-08-03,216.58,224.8,217.62,222.03,13214.2,2933373.0
2019-08-04,217.42,223.76,222.03,223.0,7621.87,1683876.62
2019-08-05,223.0,237.29,223.0,232.92,32110.43,7438641.46
2019-08-06,222.35,239.62,232.92,225.92,57300.43,13192105.35
2019-08-07,220.24,231.17,225.92,226.0,39146.0,8827267.19
2019-08-08,214.7,226.51,226.0,220.97,70187.46,15527426.83
2019-08-09,206.68,221.3,220.97,210.59,42137.28,9006300.08
2019-08-10,198.23,214.82,210.59,206.46,15711.93,3235656.52
2019-08-11,205.73,216.54,206.46,216.02,24013.33,5106614.95
2019-08-12,209.27,216.38,216.02,211.18,14895.15,3157702.94
2019-08-13,202.86,211.27,211.18,208.49,30559.2,6345701.91
2019-08-14,181.5,209.17,208.49,186.12,59453.51,11656904.14
2019-08-15,173.35,189.91,186.12,188.31,88892.53,16248050.47
2019-08-16,178.0,188.31,188.31,185.27,38098.93,6985711.84
2019-08-17,182.0,186.83,185.27,185.51,19830.26,3657241.29
2019-08-18,183.27,198.0,185.51,194.72,26562.94,5090700.28
2019-08-19,192.85,203.68,194.72,202.4,41032.49,8176253.08
2019-08-20,194.45,202.87,202.4,196.41,21897.3,4340328.64
2019-08-21,180.0,197.03,196.41,187.17,30050.27,5624744.53
2019-08-22,182.56,195.07,187.17,190.81,32391.36,6126122.45
2019-08-23,188.72,197.6,190.81,194.51,39229.16,7556815.22
2019-08-24,185.89,194.51,194.51,191.06,9114.07,1729636.67
2019-08-25,182.98,192.63,191.06,186.45,12263.42,2289230.65
2019-08-26,185.66,194.66,186.45,188.38,22285.75,4232514.86
2019-08-27,184.5,188.95,188.38,187.45,16961.72,3165982.88
2019-08-28,165.84,187.97,187.45,172.83,41961.67,7380282.6
2019-08-29,163.62,173.76,172.83,168.92,35128.41,5915249.14
2019-08-30,165.51,170.35,168.92,168.33,11519.66,1940777.79
2019-08-31,165.9,174.83,168.33,171.87,6378.06,1078657.62
2019-09-01,167.65,173.75,171.87,171.27,6806.08,1162162.7
2019-09-02,170.45,181.93,171.27,178.75,14905.81,2625781.53
2019-09-03,174.03,183.06,178.75,178.91,21869.68,3916654.25
2019-09-04,173.35,180.28,178.91,174.91,19408.06,3439144.31
2019-09-05,169.59,177.77,174.91,174.62,14054.54,2423901.72
2019-09-06,165.0,178.65,174.62,169.09,23738.88,4107670.62
2019-09-07,168.33,181.07,169.09,178.3,14787.78,2593865.02
2019-09-08,176.36,184.48,178.3,181.48,18341.35,3321366.42
2019-09-09,175.83,187.99,181.48,180.57,20240.85,3664120.47
2019-09-10,176.38,184.59,180.57,179.76,12195.58,2199231.18
2019-09-11,173.9,182.32,179.76,178.33,20571.1,3655122.28
2019-09-12,176.45,182.7,178.33,180.72,8542.77,1528018.71
2019-09-13,177.59,181.94,180.72,181.3,10565.87,1897665.78
2019-09-14,180.17,189.21,181.3,188.73,14895.15,2737720.61
2019-09-15,186.46,190.88,188.73,189.54,14365.35,2711689.24
2019-09-16,188.4,199.54,189.54,197.82,48811.82,9495317.33
2019-09-17,196.04,215.26,197.82,207.83,89452.01,18131442.8
2019-09-18,207.83,217.42,207.83,210.25,45553.48,9706340.15
2019-09-19,201.88,224.68,210.25,220.78,58435.33,12378438.39
2019-09-20,211.55,222.01,220.78,218.11,33764.65,7336429.26
2019-09-21,213.51,221.17,218.11,214.77,32587.23,7053969.61
2019-09-22,206.06,215.32,214.77,211.17,32596.66,6859446.46
2019-09-23,198.34,211.71,211.17,201.04,41939.03,8653985.57
2019-09-24,152.71,202.73,201.04,166.9,176405.1,31088411.96
2019-09-25,162.27,175.06,166.9,169.97,48531.67,8155792.76
2019-09-26,152.26,171.0,169.97,165.71,77921.92,12698791.72
2019-09-27,161.05,177.36,165.71,173.79,61713.5,10322569.63
2019-09-28,168.5,175.88,173.79,173.8,25478.76,4419074.89
2019-09-29,164.3,174.92,173.8,169.42,20815.47,3515914.74
2019-09-30,165.2,181.8,169.42,181.34,55631.95,9653824.81
2019-10-01,173.92,185.82,181.34,176.2,47029.28,8484202.75
2019-10-02,174.27,181.9,176.2,180.86,22928.15,4069979.6
2019-10-03,169.54,181.22,180.86,175.02,24580.61,4319619.45
2019-10-04,170.9,179.51,175.02,176.49,23577.6,4144997.7
2019-10-05,172.0,177.03,176.49,176.63,10735.53,1871810.04
2019-10-06,167.08,177.18,176.63,170.12,23700.64,4080726.96
2019-10-07,168.71,182.68,170.12,180.23,32314.81,5715385.86
2019-10-08,176.88,185.3,180.23,180.73,22906.33,4144405.36
2019-10-09,179.14,196.0,180.73,193.18,56852.89,10696782.92
2019-10-10,187.3,194.81,193.18,191.64,20692.22,3955549.44
2019-10-11,178.91,197.9,191.64,180.84,57502.9,10668886.91
2019-10-12,177.23,184.87,180.84,180.02,14326.34,2601987.45
2019-10-13,178.34,184.85,180.02,181.18,13778.97,2512237.64
2019-10-14,180.67,187.89,181.18,186.74,18627.04,3433580.35
2019-10-15,177.27,188.52,186.74,180.67,38920.98,7080556.55
2019-10-16,171.39,181.2,180.67,174.75,23464.72,4132261.89
2019-10-17,172.78,179.17,174.75,177.51,20128.54,3555016.14
2019-10-18,168.34,177.51,177.51,173.21,28940.88,4988345.65
2019-10-19,169.66,175.06,173.21,172.08,12433.58,2147849.15
2019-10-20,169.23,176.8,172.08,175.62,13462.25,2321350.37
2019-10-21,171.72,178.19,175.62,174.24,29318.87,5119804.04
2019-10-22,170.47,175.5,174.24,171.29,12238.9,2123342.55
2019-10-23,153.21,171.53,171.29,162.49,58624.3,9399731.66
2019-10-24,158.85,164.0,162.49,160.66,30456.7,4899893.9
2019-10-25,160.42,187.78,160.66,181.51,55616.45,9860756.17
2019-10-26,173.62,198.97,181.51,179.93,61819.68,11561442.06
2019-10-27,176.84,189.22,179.93,184.34,20108.67,3689282.86
2019-10-28,180.8,189.91,184.34,181.98,30477.19,5606702.47
2019-10-29,181.66,193.24,181.98,190.95,39975.47,7516302.98
2019-10-30,180.08,192.15,190.95,183.31,28814.21,5318063.06
2019-10-31,177.57,185.47,183.31,182.69,26791.83,4876641.44
2019-11-01,177.25,184.88,182.69,183.42,19320.02,3501690.14
2019-11-02,181.95,186.24,183.42,182.72,5148.77,945147.17
2019-11-03,179.11,184.97,182.72,181.57,4948.0,895967.01
2019-11-04,180.42,189.64,181.57,186.31,13152.37,2449287.5
2019-11-05,182.48,192.64,186.31,188.68,25726.13,4842423.56
2019-11-06,187.86,194.73,188.68,191.14,16394.05,3133709.79
2019-11-07,184.32,191.87,191.14,186.23,10332.62,1936233.06
2019-11-08,180.78,188.14,186.23,183.88,23209.96,4257563.76
2019-11-09,182.24,185.73,183.88,185.04,5816.52,1070947.01
2019-11-10,183.36,192.0,185.04,188.99,11190.88,2109871.58
2019-11-11,183.47,190.0,188.99,184.39,11736.06,2181577.65
2019-11-12,182.01,187.38,184.39,186.73,11199.62,2070911.77
2019-11-13,185.08,189.45,186.73,187.75,9122.1,1708111.55
2019-11-14,182.71,188.22,187.75,184.45,11650.32,2152558.93
2019-11-15,177.11,187.0,184.45,179.82,21867.04,3965978.07
2019-11-16,179.04,183.28,179.82,182.33,6070.15,1103675.83
2019-11-17,179.96,186.27,182.33,183.85,4373.68,802094.44
2019-11-18,174.15,184.12,183.85,177.86,12991.75,2331779.01
2019-11-19,172.5,178.09,177.86,175.65,16181.78,2827570.01
2019-11-20,173.24,177.3,175.65,174.23,9957.86,1744087.25
2019-11-21,155.53,175.33,174.23,160.9,38041.25,6261085.52
2019-11-22,137.71,162.68,160.9,150.17,91617.23,13797464.29
2019-11-23,146.43,154.44,150.17,152.34,8416.43,1268367.48
2019-11-24,138.62,153.07,152.34,139.79,15312.96,2226423.49
2019-11-25,131.74,151.91,139.79,145.94,91709.02,12940833.0
2019-11-26,143.6,150.0,145.94,147.77,22144.25,3243874.69
2019-11-27,140.96,155.86,147.77,152.64,62566.97,9262285.82
2019-11-28,149.35,154.84,152.64,150.96,19258.14,2923244.62
2019-11-29,150.68,157.76,150.96,154.6,21941.82,3381823.02
2019-11-30,149.79,155.36,154.6,151.65,9481.32,1441894.47
2019-12-01,145.91,152.26,151.65,151.13,8959.62,1333786.98
2019-12-02,146.88,151.58,151.13,149.04,7135.54,1059610.93
2019-12-03,145.73,150.02,149.04,147.38,11106.47,1640256.28
2019-12-04,143.11,152.57,147.38,145.46,23895.08,3528037.76
2019-12-05,143.7,148.93,145.46,147.99,13770.93,2016213.48
2019-12-06,145.78,149.79,147.99,148.49,15950.79,2358240.81
2019-12-07,147.13,149.94,148.49,147.31,4143.01,614212.07
2019-12-08,146.17,151.99,147.31,150.62,6733.52,1009404.68
2019-12-09,146.61,151.58,150.62,147.36,13230.83,1972961.03
2019-12-10,143.73,148.28,147.36,145.64,15409.28,2250446.35
2019-12-11,141.93,146.31,145.64,143.2,7134.99,1029504.26
2019-12-12,139.18,145.68,143.2,144.74,20091.22,2864899.4
2019-12-13,142.74,145.12,144.74,144.59,15137.36,2181388.02
2019-12-14,141.02,145.0,144.59,141.64,5665.08,806112.91
2019-12-15,139.79,144.0,141.64,142.33,8823.41,1254826.68
2019-12-16,128.94,142.53,142.33,132.29,48678.33,6567630.52
2019-12-17,119.72,132.63,132.29,121.78,48569.29,6143874.08
2019-12-18,116.0,134.81,121.78,132.94,55401.18,6910535.59
2019-12-19,125.6,134.1,132.94,128.15,38878.66,4958836.96
2019-12-20,125.72,129.35,128.15,128.28,18170.72,2311782.65
2019-12-21,126.62,128.44,128.28,127.11,6769.98,861986.97
2019-12-22,126.87,133.05,127.11,132.28,13919.89,1817430.58
2019-12-23,126.1,135.16,132.28,128.11,20694.61,2722358.37
2019-12-24,126.63,129.69,128.11,127.74,7481.56,956739.47
2019-12-25,123.02,127.82,127.74,124.97,12517.8,1559656.13
2019-12-26,124.09,132.03,124.97,125.43,15307.39,1947841.94
2019-12-27,121.82,126.7,125.43,126.31,9552.74,1192925.76
2019-12-28,125.74,129.49,126.31,127.73,3245.51,414139.57
2019-12-29,127.32,137.72,127.73,134.25,13743.98,1826149.66
2019-12-30,129.93,135.99,134.25,131.05,8088.67,1068855.84
2019-12-31,127.65,133.28,131.05,128.63,14849.53,1930397.76
2020-01-01,128.17,132.64,128.63,130.27,9263.16,1210406.89
2020-01-02,125.67,130.31,130.27,126.76,14036.97,1805954.87
2020-01-03,125.55,134.9,126.76,133.89,33830.22,4428329.72
2020-01-04,132.3,135.69,133.89,133.85,8324.23,1110753.55
2020-01-05,133.85,138.23,133.85,134.94,6286.34,856024.29
2020-01-06,134.81,144.41,134.94,144.37,28594.18,4032349.08
2020-01-07,138.87,145.2,144.37,143.0,17039.77,2433875.34
2020-01-08,136.42,148.0,143.0,140.48,41734.21,5881880.08
2020-01-09,135.4,141.19,140.48,137.92,23552.0,3260269.86
2020-01-10,135.18,145.29,137.92,144.73,20791.11,2929528.62
2020-01-11,142.01,148.0,144.73,142.63,9947.05,1436109.83
2020-01-12,141.83,146.55,142.63,146.28,4319.42,623306.29
2020-01-13,142.14,146.86,146.28,143.51,14097.82,2020082.48
2020-01-14,143.51,170.86,143.51,165.93,76002.19,11943928.43
2020-01-15,159.09,171.78,165.93,166.26,53765.38,8884630.61
2020-01-16,158.35,167.28,166.26,164.09,32297.64,5238090.67
2020-01-17,162.01,174.3,164.09,169.62,36387.65,6171714.3
2020-01-18,164.78,179.26,169.62,174.24,23068.05,4003559.07
2020-01-19,161.53,178.0,174.24,166.72,21710.24,3643459.73
2020-01-20,160.9,169.23,166.72,166.65,25280.7,4175271.82
2020-01-21,164.28,169.99,166.65,169.35,25536.59,4278217.7
2020-01-22,165.64,171.03,169.35,167.81,14719.87,2472833.04
2020-01-23,158.68,167.81,167.81,162.51,15319.59,2488706.29
2020-01-24,155.12,164.24,162.51,162.15,50015.81,7995308.53
2020-01-25,157.55,162.32,162.15,160.54,3852.12,616161.21
2020-01-26,159.13,167.71,160.54,167.65,7709.41,1263978.88
2020-01-27,164.77,171.84,167.65,169.73,19627.23,3315516.09
2020-01-28,169.73,176.26,169.73,175.8,28602.3,4924607.21
2020-01-29,173.2,178.3,175.8,173.45,12447.7,2196334.7
2020-01-30,170.56,186.4,173.45,184.3,28016.34,5007035.44
2020-01-31,174.77,185.15,184.3,179.84,31905.55,5727865.77
2020-02-01,179.0,184.32,179.84,183.51,10707.06,1954138.85
2020-02-02,179.0,193.13,183.51,188.16,24383.95,4599315.27
2020-02-03,186.45,195.0,188.16,189.66,21746.65,4126088.04
2020-02-04,181.93,191.47,189.66,188.15,24514.89,4575215.94
2020-02-05,187.5,207.91,188.15,203.54,37437.3,7455949.87
2020-02-06,200.47,216.39,203.54,213.09,38877.49,8140753.57
2020-02-07,212.88,224.44,213.09,223.43,44944.27,9881553.37
2020-02-08,213.56,228.03,223.43,223.2,22896.14,5117143.29
2020-02-09,223.2,230.98,223.2,228.42,37340.04,8506469.24
2020-02-10,213.37,229.84,228.42,222.74,31986.46,7097092.81
2020-02-11,217.82,239.69,222.74,237.95,43291.61,9968465.68
2020-02-12,237.95,275.85,237.95,266.42,70390.13,18194885.69
2020-02-13,255.24,278.31,266.42,268.94,73512.33,19476994.49
2020-02-14,259.67,287.81,268.94,285.96,49082.02,13468428.34
2020-02-15,261.2,289.04,285.96,264.67,46519.02,12796909.11
2020-02-16,236.32,273.98,264.67,258.89,40568.17,10467469.0
2020-02-17,242.31,269.12,258.89,268.3,45087.21,11341613.74
2020-02-18,258.72,286.77,268.3,281.87,55006.07,15149826.77
2020-02-19,251.03,287.0,281.87,258.57,47682.26,13047404.99
2020-02-20,245.0,263.81,258.57,257.42,43814.37,11146940.94
2020-02-21,254.36,269.0,257.42,265.71,37646.27,9909328.85
2020-02-22,255.16,267.43,265.71,262.13,15758.12,4112395.48
2020-02-23,261.91,276.52,262.13,275.66,21398.18,5795710.24
2020-02-24,256.55,278.22,275.66,266.04,26262.95,6993142.59
2020-02-25,243.91,266.04,266.04,246.58,44103.22,11145338.92
2020-02-26,215.13,249.91,246.58,223.76,96974.78,22382446.72
2020-02-27,209.37,239.0,223.76,227.23,62606.47,14144962.09
2020-02-28,213.36,234.84,227.23,227.26,38953.17,8749134.67
2020-02-29,217.13,233.32,227.26,217.63,17738.51,4003142.8
2020-03-01,211.89,227.76,217.63,217.34,32911.96,7199096.72
2020-03-02,215.81,234.65,217.34,231.97,42712.83,9661315.07
2020-03-03,219.9,233.03,231.97,223.46,48628.61,11024041.95
2020-03-04,220.33,228.89,223.46,224.52,20732.33,4654528.74
2020-03-05,224.49,234.43,224.49,228.81,60978.32,14027771.51
2020-03-06,227.69,245.93,228.81,245.52,52598.14,12475286.98
2020-03-07,235.64,252.82,245.52,237.54,27900.13,6793314.94
2020-03-08,195.91,237.54,237.54,199.38,65388.05,14245382.99
2020-03-09,189.64,208.62,199.38,202.93,111388.83,22244719.92
2020-03-10,195.56,206.39,202.93,200.39,62621.31,12606869.63
2020-03-11,181.72,203.13,200.39,194.57,81751.97,15782918.45
2020-03-12,102.66,195.57,194.57,109.42,343137.4,49344660.7
2020-03-13,88.2,148.33,109.42,135.45,397258.14,47071632.34
2020-03-14,120.82,135.6,135.45,122.43,80715.62,10387074.01
2020-03-15,120.0,133.78,122.43,123.55,128402.08,16024645.5
2020-03-16,100.66,123.81,123.55,111.04,167022.61,18353638.27
2020-03-17,109.68,121.33,111.04,115.91,69740.64,8200553.59
2020-03-18,110.11,118.73,115.91,118.63,87672.93,10075324.5
2020-03-19,115.78,144.87,118.63,136.75,127650.15,16536609.27
2020-03-20,115.5,153.48,136.75,133.5,153435.27,21365892.47
2020-03-21,126.0,137.61,133.5,132.65,71549.57,9379944.92
2020-03-22,120.49,137.26,132.65,122.47,53577.57,6824379.18
2020-03-23,119.04,138.19,122.47,136.54,71195.64,9214592.03
2020-03-24,132.99,144.06,136.54,139.12,103407.74,14336324.51
2020-03-25,132.05,142.86,139.12,136.42,63452.36,8708136.63
2020-03-26,133.47,140.21,136.42,138.97,47945.34,6505414.32
2020-03-27,128.94,142.45,138.97,131.43,50317.2,6866928.02
2020-03-28,125.02,133.47,131.43,131.35,48311.99,6223879.9
2020-03-29,123.27,132.0,131.35,124.59,44183.66,5576314.9
2020-03-30,124.01,135.56,124.59,132.36,34805.26,4578555.68
2020-03-31,130.5,135.79,132.36,133.14,23130.9,3078382.97
2020-04-01,128.91,137.2,133.14,135.98,32940.7,4358794.36
2020-04-02,135.42,150.0,135.98,141.71,59641.5,8419567.15
2020-04-03,137.89,147.24,141.71,141.4,46495.4,6670801.35
2020-04-04,139.04,146.72,141.4,144.59,19772.82,2830481.79
2020-04-05,140.78,145.93,144.59,143.03,13210.43,1893857.83
2020-04-06,142.79,172.26,143.03,171.65,103826.56,16428319.39
2020-04-07,162.18,176.65,171.65,164.55,100869.8,17203122.91
2020-04-08,163.67,174.75,164.55,173.23,52450.69,8929016.27
2020-04-09,165.28,173.7,173.23,170.07,46460.11,7918450.91
2020-04-10,152.18,170.35,170.07,157.97,69435.02,11040832.14
2020-04-11,154.06,161.62,157.97,158.65,26233.73,4140298.41
2020-04-12,155.24,165.48,158.65,158.39,35342.11,5712280.24
2020-04-13,148.82,159.65,158.39,157.03,52489.39,8065898.02
2020-04-14,155.32,162.26,157.03,158.61,26312.73,4180278.44
2020-04-15,151.9,161.5,158.61,152.96,33567.88,5256249.74
2020-04-16,148.19,175.17,152.96,172.37,93356.14,15484813.32
2020-04-17,168.12,175.12,172.37,171.0,27438.69,4683976.17
2020-04-18,170.71,189.73,171.0,188.03,54336.81,9864266.25
2020-04-19,176.45,188.58,188.03,180.2,31718.64,5781095.04
2020-04-20,166.8,186.63,180.2,170.64,94313.38,16505197.0
2020-04-21,168.35,174.96,170.64,171.07,28178.3,4838130.8
2020-04-22,170.01,184.3,171.07,183.25,45482.27,8151495.44
2020-04-23,178.26,194.51,183.25,185.67,98909.08,18572414.17
2020-04-24,184.76,190.0,185.67,187.56,41405.32,7776473.18
2020-04-25,186.0,198.3,187.56,194.0,38526.02,7474466.31
2020-04-26,192.51,200.0,194.0,197.96,51840.35,10177347.25
2020-04-27,189.2,199.56,197.96,196.9,44891.71,8763093.18
2020-04-28,192.48,198.0,196.9,196.73,31959.58,6262485.48
2020-04-29,196.73,219.5,196.73,215.67,130958.7,27368626.27
2020-04-30,201.66,227.73,215.67,206.2,103718.94,22316179.2
2020-05-01,206.2,217.58,206.2,212.02,44824.0,9499428.05
2020-05-02,210.38,215.49,212.02,214.07,17518.7,3733426.65
2020-05-03,205.03,219.18,214.07,210.2,42008.79,8911405.56
2020-05-04,195.01,210.75,210.2,207.01,54083.23,10990885.73
2020-05-05,200.66,212.13,207.01,205.62,30469.49,6260916.9
2020-05-06,198.16,212.0,205.62,199.13,57045.27,11780619.35
2020-05-07,196.72,215.55,199.13,212.56,103978.29,21760085.88
2020-05-08,207.22,216.85,212.56,211.59,44016.99,9330200.64
2020-05-09,208.49,214.72,211.59,210.21,35735.39,7564728.07
2020-05-10,180.0,210.21,210.21,188.06,122466.84,23270278.31
2020-05-11,175.51,193.88,188.06,186.18,81205.55,15042394.57
2020-05-12,185.9,192.59,186.18,189.79,48201.72,9156248.92
2020-05-13,188.34,201.16,189.79,199.8,56116.3,10965225.45
2020-05-14,195.75,206.32,199.8,203.11,69141.85,13952608.24
2020-05-15,191.49,204.22,203.11,194.57,53363.89,10580544.53
2020-05-16,193.08,203.39,194.57,200.43,25545.21,5101015.57
2020-05-17,199.53,210.0,200.43,207.03,45535.22,9393790.17
2020-05-18,207.01,217.1,207.03,214.84,66026.95,14071977.78
2020-05-19,209.17,215.99,214.84,214.62,36384.31,7734466.79
2020-05-20,205.86,215.55,214.62,209.98,34489.69,7257798.64
2020-05-21,191.47,211.65,209.98,198.64,57163.98,11503106.49
2020-05-22,196.2,209.34,198.64,207.12,53431.42,10932381.59
2020-05-23,204.82,211.21,207.12,206.84,13902.39,2883826.38
2020-05-24,199.45,210.77,206.84,199.64,35346.45,7265429.81
2020-05-25,197.35,205.78,199.64,204.04,32693.43,6641830.54
2020-05-26,196.6,204.99,204.04,201.16,46170.31,9296259.56
2020-05-27,200.9,208.6,201.16,208.32,42237.41,8679675.21
2020-05-28,204.57,220.73,208.32,220.57,51215.75,10895011.67
2020-05-29,217.39,224.9,220.55,220.6,49347.69,10890131.01
2020-05-30,218.85,247.43,220.6,243.28,90932.65,21414347.97
2020-05-31,229.59,245.39,243.28,231.63,55541.39,13135048.7
2020-06-01,230.48,251.74,231.63,248.1,70673.93,17076750.06
2020-06-02,225.0,253.43,248.03,237.72,116977.16,28081877.91
2020-06-03,233.28,245.18,237.72,244.5,48783.87,11670772.35
2020-06-04,235.83,246.62,244.72,243.32,61142.46,14804829.45
2020-06-05,239.05,248.12,243.32,240.19,45819.05,11128314.49
2020-06-06,237.6,244.66,240.19,242.21,21924.25,5289796.53
2020-06-07,235.09,245.6,242.21,244.74,35617.45,8555293.35
2020-06-08,241.05,247.9,244.74,246.82,39149.49,9540037.89
2020-06-09,215.0,250.22,246.82,244.14,45485.62,11011211.88
2020-06-10,241.75,250.77,244.14,248.04,50542.77,12406690.07
2020-06-11,225.2,251.01,248.04,230.14,113531.57,26959117.28
2020-06-12,228.24,247.99,230.14,237.41,62339.92,14765118.69
2020-06-13,234.54,238.79,237.41,238.12,15636.08,3704289.17
2020-06-14,229.77,238.62,238.12,231.59,29400.88,6889300.35
2020-06-15,217.79,233.67,231.59,230.78,90084.47,20314193.89
2020-06-16,228.77,236.0,230.78,235.28,31138.09,7261435.52
2020-06-17,227.56,237.42,235.28,233.62,34009.55,7912097.33
2020-06-18,227.37,234.48,233.62,231.16,21253.15,4921509.94
2020-06-19,226.34,231.8,231.16,228.64,25219.57,5774495.32
2020-06-20,225.0,230.6,228.64,228.89,17118.92,3900862.38
2020-06-21,226.84,231.18,228.89,227.73,11985.73,2749600.15
2020-06-22,227.31,247.04,227.73,243.33,61687.34,14736101.37
2020-06-23,240.82,244.98,243.33,243.23,29253.82,7104726.71
2020-06-24,230.71,249.11,243.23,234.43,71469.49,17107935.68
2020-06-25,227.0,235.21,234.43,232.44,51367.16,11931645.68
2020-06-26,227.26,233.35,232.44,229.31,45242.75,10408928.83
2020-06-27,215.79,231.0,229.31,220.83,47407.01,10566903.86
2020-06-28,217.76,227.8,220.83,224.94,27501.27,6137351.56
2020-06-29,220.92,229.98,224.94,227.87,38058.85,8548173.29
2020-06-30,222.79,228.62,227.87,225.62,24951.91,5637890.77
2020-07-01,223.99,232.8,225.62,231.05,38194.58,8742737.37
2020-07-02,222.88,232.19,231.05,226.53,36997.61,8414559.8
2020-07-03,224.2,228.26,226.53,225.24,16358.72,3707900.17
2020-07-04,224.53,230.95,225.24,229.2,18027.09,4096851.45
2020-07-05,223.27,229.89,229.2,227.78,17098.81,3866902.58
2020-07-06,227.06,242.19,227.78,241.88,48136.94,11363840.94
2020-07-07,234.3,243.95,241.88,239.23,38671.46,9215745.69
2020-07-08,237.96,249.0,239.23,247.16,48519.66,11824543.79
2020-07-09,237.6,247.62,247.16,242.04,36072.84,8764783.99
2020-07-10,235.0,242.04,242.04,241.11,32964.49,7859735.84
2020-07-11,237.46,241.63,241.11,239.22,12141.97,2906457.94
2020-07-12,236.48,244.07,239.22,242.74,24335.77,5837666.93
2020-07-13,237.25,245.47,242.74,239.49,36030.78,8706276.76
2020-07-14,236.76,242.19,239.49,240.45,26062.82,6243618.09
2020-07-15,236.41,241.43,240.45,238.27,19630.45,4684835.93
2020-07-16,229.44,239.38,238.27,233.56,31211.19,7276829.65
2020-07-17,231.32,234.61,233.56,232.59,21851.47,5089656.1
2020-07-18,232.26,237.14,232.59,235.84,10615.02,2490148.22
2020-07-19,233.28,239.98,235.84,239.24,15601.36,3679658.82
2020-07-20,234.09,239.82,239.24,235.98,23698.5,5626969.69
2020-07-21,235.58,246.96,235.98,245.91,46003.16,11180629.58
2020-07-22,241.76,270.0,245.91,264.23,55346.33,13950411.08
2020-07-23,260.0,280.76,264.23,275.66,107202.17,28842637.07
2020-07-24,267.96,288.99,275.66,279.32,65634.13,18227924.89
2020-07-25,279.32,309.0,279.32,305.66,80810.57,23737399.84
2020-07-26,300.2,320.77,305.66,311.47,101603.34,31408649.42
2020-07-27,311.38,334.41,311.47,322.86,143337.56,46299865.4
2020-07-28,305.76,327.43,322.86,317.53,77318.72,24448470.88
2020-07-29,313.09,330.02,317.53,318.4,50279.55,16166049.4
2020-07-30,313.78,342.37,318.4,335.04,61449.1,19984227.58
2020-07-31,328.92,349.94,335.04,346.67,55368.49,18931404.07
2020-08-01,343.64,393.79,346.67,387.32,103742.66,37854635.0
2020-08-02,325.0,415.67,387.32,371.96,129558.65,49248290.71
2020-08-03,367.0,398.52,371.96,386.3,63863.45,24833435.72
2020-08-04,380.87,403.54,386.3,389.75,61425.99,24048327.95
2020-08-05,383.6,407.7,389.75,401.21,53760.13,21325258.61
2020-08-06,389.64,404.0,401.21,394.9,37076.44,14704531.27
2020-08-07,360.0,398.65,394.9,379.71,80787.11,30907486.7
2020-08-08,376.41,397.64,379.71,397.48,24208.2,9373168.21
2020-08-09,383.48,400.5,397.48,390.32,26396.04,10360061.36
2020-08-10,384.61,400.51,390.32,395.99,76909.86,30394696.48
2020-08-11,366.22,398.43,395.99,378.98,62760.68,24081881.42
2020-08-12,365.41,389.3,378.98,387.31,54751.39,20874597.34
2020-08-13,375.8,431.8,387.31,424.9,81372.19,32578149.86
2020-08-14,418.0,444.8,424.9,438.72,103931.48,44645342.44
2020-08-15,422.01,443.11,438.72,432.78,44749.08,19464226.11
2020-08-16,412.43,437.11,432.78,434.05,36367.23,15460248.7
2020-08-17,420.38,447.0,434.05,430.86,78327.3,33898733.66
2020-08-18,413.23,434.41,430.86,422.09,37823.25,16074083.09
2020-08-19,393.0,426.82,422.09,407.43,77106.6,31485539.64
2020-08-20,402.33,419.36,407.43,416.18,44547.73,18418217.5
2020-08-21,383.0,419.0,416.18,388.11,71757.21,28877575.55
2020-08-22,379.4,396.92,388.11,396.12,26105.57,10150068.15
2020-08-23,383.66,397.44,396.12,390.86,18533.96,7242724.82
2020-08-24,387.65,410.47,390.86,408.28,48419.89,19514483.07
2020-08-25,368.88,409.01,408.28,383.78,57034.56,21949250.92
2020-08-26,376.38,393.38,383.78,386.14,48526.65,18737726.51
2020-08-27,368.5,397.46,386.14,383.43,58655.14,22543687.23
2020-08-28,379.83,398.32,383.43,395.42,37117.34,14525745.65
2020-08-29,392.43,405.91,395.42,398.58,27091.03,10853994.77
2020-08-30,398.44,430.0,398.58,428.92,42949.05,17822527.68
2020-08-31,418.21,439.58,428.92,434.0,45627.76,19666916.4
2020-09-01,429.61,489.0,434.0,475.59,90938.98,42433562.66
2020-09-02,420.01,481.64,475.59,439.92,119484.19,53366581.18
2020-09-03,372.13,451.42,439.92,382.47,120238.31,49409048.91
2020-09-04,360.0,400.69,382.47,385.94,122684.2,47448362.83
2020-09-05,309.7,394.86,385.94,334.91,180087.92,62918058.74
2020-09-06,316.49,360.66,334.91,352.76,115930.56,39682301.11
2020-09-07,323.28,358.65,352.76,353.53,90223.8,30899372.09
2020-09-08,325.34,356.41,353.53,337.28,68182.36,23104971.96
2020-09-09,330.72,359.34,337.28,351.21,51029.67,17775158.43
2020-09-10,350.19,377.84,351.21,367.9,56254.35,20693784.2
2020-09-11,355.52,375.42,367.9,374.06,41824.24,15289691.87
2020-09-12,364.73,388.23,374.06,387.58,27856.1,10473176.68
2020-09-13,353.05,390.55,387.58,366.48,41211.04,15205446.47
2020-09-14,356.06,385.0,366.48,377.25,69156.84,25774240.64
2020-09-15,362.07,382.35,377.25,364.03,57590.37,21341179.19
2020-09-16,354.85,373.38,364.03,365.11,46710.18,17033853.38
2020-09-17,363.33,394.32,365.11,389.27,62178.79,23764146.18
2020-09-18,375.54,392.53,389.27,384.84,37402.14,14350264.62
2020-09-19,377.11,388.36,384.84,385.5,13078.23,5017483.27
2020-09-20,364.94,385.5,385.5,370.86,25014.16,9340675.86
2020-09-21,330.77,376.47,370.86,340.18,85290.51,29953992.04
2020-09-22,335.48,346.74,340.18,344.04,52405.55,17901012.57
2020-09-23,313.0,344.61,344.04,320.17,57059.33,18935999.29
2020-09-24,316.83,353.26,320.17,349.03,82619.29,27914000.66
2020-09-25,337.78,358.03,349.03,351.51,64130.5,22217429.39
2020-09-26,346.19,356.62,351.51,353.92,19009.87,6693172.31
2020-09-27,347.16,362.25,353.92,357.39,18758.77,6658587.76
2020-09-28,352.0,368.35,357.39,353.95,38300.57,13828143.82
2020-09-29,350.25,360.8,353.95,359.8,42663.65,15160855.13
2020-09-30,351.29,361.34,359.8,359.94,23535.28,8389694.82
2020-10-01,345.01,369.69,359.94,352.95,41093.66,14764227.71
2020-10-02,334.46,354.29,352.95,345.68,61782.26,21202197.23
2020-10-03,344.03,351.26,345.68,346.31,10472.9,3638988.22
2020-10-04,344.16,354.14,346.31,352.68,10998.07,3832797.99
2020-10-05,348.46,356.04,352.68,353.64,18552.63,6535853.64
2020-10-06,336.85,355.1,353.64,340.77,42229.56,14586590.81
2020-10-07,332.93,342.96,340.77,341.86,24527.6,8321507.11
2020-10-08,333.82,353.45,341.86,351.25,28720.24,9891266.46
2020-10-09,339.91,368.45,351.25,365.51,44093.83,15751150.24
2020-10-10,365.11,378.51,365.51,371.06,23287.82,8711073.56
2020-10-11,369.37,377.55,371.06,374.33,9516.89,3552655.96
2020-10-12,365.68,395.44,374.33,386.43,48725.33,18523185.65
2020-10-13,374.19,387.8,386.43,381.5,39122.8,14966517.54
2020-10-14,373.08,387.62,381.5,378.86,32124.3,12214199.66
2020-10-15,370.15,382.0,378.86,377.88,27856.55,10480939.99
2020-10-16,361.34,379.95,377.88,365.61,47090.91,17332870.97
2020-10-17,363.62,370.65,365.61,368.56,7362.09,2704602.93
2020-10-18,367.6,378.64,368.56,378.48,7482.09,2798635.24
2020-10-19,372.81,384.7,378.48,379.17,29984.17,11385341.82
2020-10-20,364.25,380.95,379.17,368.68,37817.23,14060071.27
2020-10-21,368.2,402.46,368.68,391.59,89138.95,34505988.18
2020-10-22,391.3,421.52,391.59,414.56,59872.63,24531535.17
2020-10-23,401.5,419.51,414.56,409.76,25402.44,10457531.98
2020-10-24,407.82,416.91,409.76,412.62,10180.98,4208766.35
2020-10-25,403.2,418.13,412.62,406.28,12373.56,5067312.99
2020-10-26,382.5,411.26,406.28,393.11,53204.24,21003309.62
2020-10-27,390.39,410.88,393.11,403.91,31777.71,12804027.65
2020-10-28,380.36,409.31,403.91,388.6,49378.55,19309310.25
2020-10-29,380.53,394.02,388.6,387.34,40747.17,15835472.93
2020-10-30,373.73,392.07,387.34,382.61,36516.63,13923112.52
2020-10-31,380.79,394.0,382.61,387.01,12477.81,4835509.13
2020-11-01,385.0,398.13,387.01,396.78,9595.0,3759559.68
2020-11-02,378.23,404.5,396.78,383.86,51571.72,20117389.11
2020-11-03,370.43,390.63,383.86,388.42,25153.73,9562237.06
2020-11-04,375.05,408.81,388.42,403.06,52528.84,20761483.49
2020-11-05,395.93,421.43,403.06,417.05,52265.81,21356506.39
2020-11-06,415.86,458.7,417.05,456.3,77703.3,34032343.66
2020-11-07,424.17,468.91,456.3,435.46,53766.7,23970460.18
2020-11-08,432.86,460.86,435.46,454.83,27947.55,12510896.08
2020-11-09,434.26,459.74,454.83,444.28,51714.97,23157833.79
2020-11-10,439.09,455.25,444.28,450.55,37675.6,16926493.02
2020-11-11,449.97,477.0,450.55,464.33,50976.57,23687372.31
2020-11-12,451.63,470.43,464.33,463.06,37377.88,17221511.87
2020-11-13,457.85,478.51,463.06,477.18,44731.44,20982642.61
2020-11-14,451.88,478.35,477.18,461.31,25479.53,11780073.59
2020-11-15,440.6,463.46,461.31,448.45,23467.91,10614676.09
2020-11-16,445.91,466.49,448.45,460.57,32382.71,14818980.96
2020-11-17,460.4,485.36,460.57,482.96,54367.32,25729096.28
2020-11-18,458.33,496.0,482.96,478.71,88812.36,42437828.74
2020-11-19,465.0,481.1,478.71,471.9,55347.12,26261080.62
2020-11-20,471.32,514.72,471.9,510.35,108653.17,54319664.12
2020-11-21,503.1,554.0,510.35,552.96,63667.24,33669009.38
2020-11-22,511.25,581.92,552.96,561.26,76889.61,42061911.2
2020-11-23,549.99,611.67,561.26,609.35,109806.07,64360502.79
2020-11-24,589.97,623.65,609.35,605.72,72079.05,43810011.2
2020-11-25,554.26,606.61,605.72,569.64,91326.84,53793219.92
2020-11-26,480.74,576.99,569.64,520.21,189448.37,97242933.05
2020-11-27,493.97,531.12,520.21,518.65,93285.69,47643746.41
2020-11-28,506.51,548.65,518.65,537.92,85920.17,45126303.4
2020-11-29,530.54,577.18,537.92,576.6,51437.27,28325519.11
2020-11-30,570.76,617.0,576.6,617.0,89314.25,53285766.95
2020-12-01,562.74,636.93,617.0,586.16,132071.94,79633676.13
2020-12-02,575.24,604.99,586.16,598.2,115162.98,68114088.49
2020-12-03,586.0,624.36,598.2,616.74,94158.38,57465906.55
2020-12-04,565.83,620.92,616.74,567.78,133931.62,79573987.99
2020-12-05,561.0,597.91,567.78,597.16,38584.74,22654229.95
2020-12-06,583.5,607.41,597.16,602.47,34253.59,20464628.03
2020-12-07,584.71,602.98,602.47,591.65,32076.1,19026014.04
2020-12-08,548.68,595.45,591.65,554.72,111845.3,63856883.77
2020-12-09,530.36,577.91,554.72,573.44,170254.56,95153239.11
2020-12-10,548.38,574.9,573.44,558.11,61487.19,34486711.46
2020-12-11,535.03,560.05,558.11,543.76,156854.8,85658085.06
2020-12-12,543.38,574.52,543.76,568.2,48287.04,27041107.14
2020-12-13,563.68,595.0,568.2,590.71,44996.26,26213363.48
2020-12-14,575.59,591.64,590.71,586.17,48205.29,28175474.66
2020-12-15,579.0,597.61,586.17,589.04,34570.01,20299161.48
2020-12-16,581.0,639.92,589.04,638.31,126698.02,77855691.09
2020-12-17,625.86,676.94,638.31,643.71,184265.1,119974074.08
2020-12-18,628.6,664.42,643.71,655.0,84346.84,54696157.21
2020-12-19,645.97,671.0,655.0,658.71,89281.26,58785229.4
2020-12-20,621.55,661.39,658.71,638.49,48989.99,31791416.24
2020-12-21,595.22,648.16,638.49,607.77,123238.55,76204135.48
2020-12-22,587.59,638.19,607.77,637.23,101954.24,62754096.51
2020-12-23,550.0,638.8,637.23,585.43,97786.7,59186387.4
2020-12-24,565.67,614.95,585.43,612.23,48800.16,28654074.73
2020-12-25,604.2,633.47,612.23,626.78,60557.47,37502691.9
2020-12-26,615.5,652.73,626.78,636.49,58305.22,36976789.27
2020-12-27,624.49,714.99,636.49,683.6,151576.61,101784898.8
2020-12-28,680.67,747.0,683.6,729.63,139810.77,101539618.82
2020-12-29,688.98,739.81,729.63,731.8,69697.75,50019200.51
2020-12-30,716.83,758.5,731.8,752.71,103291.73,76167311.56
2020-12-31,722.35,755.9,752.71,737.24,73278.35,54188878.35
2021-01-01,716.24,750.34,737.24,731.18,67208.0,49391253.8
2021-01-02,717.0,788.82,731.18,775.59,101732.14,77321239.48
2021-01-03,769.95,1014.7,775.59,979.33,256214.09,228940658.97
2021-01-04,890.0,1169.97,979.33,1042.95,319719.32,324192912.98
2021-01-05,975.0,1136.0,1042.95,1102.97,302282.87,321499387.72
2021-01-06,1059.73,1215.0,1102.97,1212.85,219418.46,250361078.63
2021-01-07,1150.0,1291.0,1212.85,1226.56,218739.15,267205535.09
2021-01-08,1065.0,1275.74,1226.56,1217.84,244319.42,293667679.96
2021-01-09,1171.88,1309.98,1217.84,1280.11,115530.78,145251439.77
2021-01-10,1146.34,1352.85,1280.11,1256.0,158589.45,203268233.9
2021-01-11,911.0,1258.23,1256.0,1087.82,391990.4,411833463.44
2021-01-12,1005.04,1152.0,1087.82,1048.42,136402.85,148794409.63
2021-01-13,985.29,1137.09,1048.42,1130.76,122061.99,130953081.55
2021-01-14,1086.69,1246.54,1130.76,1233.01,112726.25,132249570.75
2021-01-15,1059.55,1255.52,1233.01,1170.93,163744.95,193960294.74
2021-01-16,1152.51,1293.18,1170.93,1228.19,116544.74,142814910.4
2021-01-17,1166.08,1268.87,1228.19,1232.95,93016.59,113613097.57
2021-01-18,1182.8,1261.3,1232.95,1257.86,92116.03,112761618.43
2021-01-19,1251.49,1440.0,1257.86,1369.62,179194.96,245546705.73
2021-01-20,1235.12,1408.28,1369.62,1377.8,149880.63,198161052.48
2021-01-21,1081.22,1389.49,1377.8,1110.37,211589.61,264247020.35
2021-01-22,1041.22,1275.57,1110.37,1234.77,151687.87,178223194.84
2021-01-23,1196.22,1273.0,1234.77,1234.52,55607.69,69011566.59
2021-01-24,1221.84,1400.0,1234.52,1393.5,134917.83,178998403.75
2021-01-25,1293.2,1476.06,1393.5,1317.92,149354.54,209848830.8
2021-01-26,1245.25,1378.34,1317.92,1367.96,110483.29,146310981.56
2021-01-27,1205.98,1375.0,1367.96,1240.62,141198.8,179008644.7
2021-01-28,1219.0,1364.0,1240.62,1331.71,108281.42,143536500.26
2021-01-29,1287.61,1440.0,1331.71,1379.35,151824.06,208076313.86
2021-01-30,1326.81,1407.67,1379.35,1378.15,70078.01,95432832.02
2021-01-31,1282.48,1381.13,1378.15,1314.17,46723.37,62338361.45
2021-02-01,1271.8,1377.76,1314.17,1375.28,60834.73,80566993.74
2021-02-02,1362.85,1549.21,1375.28,1513.0,126366.02,183932459.64
2021-02-03,1507.61,1673.34,1513.0,1667.28,106199.11,168030391.65
2021-02-04,1555.26,1698.56,1667.28,1598.89,100659.42,164949417.31
2021-02-05,1593.0,1764.55,1598.89,1721.04,77705.65,131315369.72
2021-02-06,1647.76,1745.52,1721.04,1679.46,75746.5,128134789.67
2021-02-07,1492.6,1695.09,1679.46,1615.44,79754.24,127365617.0
2021-02-08,1566.21,1779.43,1615.44,1752.3,110082.25,186092455.16
2021-02-09,1708.21,1825.36,1752.3,1772.94,67940.08,119572454.56
2021-02-10,1678.67,1839.0,1772.94,1743.14,87952.33,154627578.5
2021-02-11,1704.87,1819.0,1743.14,1788.18,75222.09,133630743.98
2021-02-12,1741.16,1868.8,1788.18,1845.93,69275.68,125254423.25
2021-02-13,1765.54,1874.98,1845.93,1817.2,58072.8,105251739.92
2021-02-14,1785.93,1853.3,1817.2,1802.0,62494.24,114704892.84
2021-02-15,1660.0,1839.25,1802.0,1780.19,113833.33,201147817.41
2021-02-16,1723.67,1826.23,1780.19,1781.16,87870.25,155579581.6
2021-02-17,1733.46,1857.79,1781.16,1851.26,65212.37,117960575.33
2021-02-18,1851.26,1951.26,1851.26,1939.05,72480.32,138380041.51
2021-02-19,1890.69,1974.99,1939.05,1958.16,65276.46,126660104.72
2021-02-20,1801.94,2040.62,1958.16,1916.4,57264.99,113165813.84
2021-02-21,1885.29,1976.94,1916.4,1935.24,27671.27,53752677.87
2021-02-22,1540.58,1937.11,1935.24,1778.72,166674.7,294182230.01
2021-02-23,1352.89,1782.06,1778.72,1578.14,203281.71,312510422.05
2021-02-24,1500.0,1714.77,1578.14,1625.51,70838.78,116158164.36
2021-02-25,1458.85,1672.91,1625.51,1480.16,44072.41,70176676.42
2021-02-26,1400.0,1563.83,1480.16,1447.06,52364.49,76971179.12
2021-02-27,1427.43,1527.7,1447.06,1459.03,74913.19,111601292.05
2021-02-28,1293.42,1469.74,1459.03,1421.77,147163.05,201888356.29
2021-03-01,1413.44,1573.31,1421.77,1570.83,56377.83,84989893.96
2021-03-02,1455.0,1604.99,1570.83,1488.8,38100.18,58276174.64
2021-03-03,1478.61,1658.0,1488.8,1568.0,61937.71,98557040.28
2021-03-04,1504.16,1625.39,1568.0,1538.23,81503.1,126563054.22
2021-03-05,1441.25,1549.29,1538.23,1527.29,60074.78,89500558.83
2021-03-06,1513.72,1672.98,1527.29,1651.16,76977.07,123440101.47
2021-03-07,1630.39,1735.0,1651.16,1727.3,40239.8,67344053.69
2021-03-08,1665.76,1842.52,1727.3,1835.06,65383.84,114059645.01
2021-03-09,1798.57,1872.78,1835.06,1872.78,36537.84,66929233.69
2021-03-10,1758.79,1879.69,1872.78,1793.51,80810.76,146156334.62
2021-03-11,1723.84,1848.47,1793.51,1826.23,61046.12,110301434.33
2021-03-12,1720.55,1842.17,1826.23,1767.48,40877.58,72456601.86
2021-03-13,1728.25,1943.32,1767.48,1920.98,52560.2,98205740.99
2021-03-14,1837.0,1931.6,1920.98,1848.37,26691.65,50318547.28
2021-03-15,1732.0,1890.0,1848.37,1793.21,85342.29,153276018.92
2021-03-16,1711.89,1820.0,1793.21,1805.65,87285.8,155777713.08
2021-03-17,1741.08,1840.98,1805.65,1822.3,42379.79,75810928.13
2021-03-18,1758.53,1850.0,1822.3,1776.02,32571.48,59085024.66
2021-03-19,1732.17,1841.0,1776.02,1809.44,20843.88,37604901.21
2021-03-20,1800.0,1869.2,1809.44,1803.79,31379.1,57463648.48
2021-03-21,1745.0,1816.79,1803.79,1783.59,21250.27,37847031.23
2021-03-22,1654.3,1808.34,1783.59,1681.69,39276.55,67932690.75
2021-03-23,1651.3,1722.15,1681.69,1670.16,33651.58,56960676.87
2021-03-24,1520.0,1739.61,1670.16,1582.94,103914.64,172231649.99
2021-03-25,1549.15,1680.0,1582.94,1586.26,49991.99,79590558.78
2021-03-26,1586.26,1701.29,1586.26,1699.37,53482.29,87701761.9
2021-03-27,1666.57,1732.5,1699.37,1713.6,33598.83,57290305.11
2021-03-28,1661.79,1725.64,1713.6,1686.5,22802.84,38655962.32
2021-03-29,1676.32,1842.0,1686.5,1817.22,49178.39,87327546.61
2021-03-30,1785.6,1860.2,1817.22,1842.12,37369.22,68389049.73
2021-03-31,1770.18,1947.49,1842.12,1917.91,53215.26,99186541.51
2021-04-01,1884.88,1982.0,1917.91,1967.82,39186.05,76247790.12
2021-04-02,1949.77,2144.99,1967.82,2134.56,56445.17,114275722.42
2021-04-03,1996.16,2138.26,2134.56,2008.28,40026.2,82793345.46
2021-04-04,1978.21,2092.58,2008.28,2075.74,24508.83,50172772.49
2021-04-05,2002.22,2131.37,2075.74,2107.23,30764.05,63842971.89
2021-04-06,2043.83,2151.63,2107.23,2112.69,32765.44,69106308.13
2021-04-07,1930.0,2129.39,2112.69,1963.08,42890.84,86045535.84
2021-04-08,1949.0,2084.95,1963.08,2081.0,35731.72,72744856.67
2021-04-09,2048.41,2100.0,2081.0,2065.93,24168.67,50162365.27
2021-04-10,2057.34,2197.0,2065.93,2134.22,35714.81,76480153.18
2021-04-11,2112.32,2163.55,2134.22,2148.15,12969.16,27743225.42
2021-04-12,2098.56,2200.0,2148.15,2136.77,27358.29,58741292.44
2021-04-13,2135.0,2317.23,2136.77,2299.69,43182.35,96643611.88
2021-04-14,2282.31,2446.96,2299.69,2432.63,63185.91,149359222.16
2021-04-15,2400.0,2546.0,2432.63,2517.35,46713.35,115322692.79
2021-04-16,2301.75,2548.93,2517.35,2426.19,74898.11,181807914.66
2021-04-17,2312.87,2497.39,2426.19,2317.11,39844.2,95774687.6
2021-04-18,1951.66,2341.68,2317.11,2241.5,116812.93,254853541.9
2021-04-19,2077.42,2280.79,2241.5,2163.77,117808.73,255912196.93
2021-04-20,2055.0,2349.81,2163.77,2333.71,80163.98,179802186.31
2021-04-21,2238.48,2470.53,2333.71,2358.13,78047.22,183858847.76
2021-04-22,2300.0,2645.97,2358.13,2400.0,119509.33,297142622.92
2021-04-23,2106.65,2442.89,2400.0,2369.77,121136.77,274073662.88
2021-04-24,2157.61,2369.97,2369.77,2217.33,33143.54,75086187.61
2021-04-25,2166.0,2358.0,2217.33,2321.81,80968.36,182015073.13
2021-04-26,2306.75,2544.98,2321.81,2534.69,52277.29,128881150.55
2021-04-27,2483.76,2683.65,2534.69,2668.89,50882.36,131940786.38
2021-04-28,2561.44,2763.75,2668.89,2750.37,73236.3,196982820.75
2021-04-29,2671.33,2800.89,2750.37,2758.06,62670.56,171950144.58
2021-04-30,2726.49,2802.06,2758.06,2777.11,43230.94,119332360.35
2021-05-01,2758.57,2956.0,2777.11,2947.57,35886.13,103262659.15
2021-05-02,2853.0,2986.01,2947.57,2951.78,29434.4,86277888.94
2021-05-03,2951.78,3457.64,2951.78,3430.16,97660.01,311275239.77
2021-05-04,3167.66,3530.0,3430.16,3238.42,148326.44,498546356.28
2021-05-05,3208.19,3559.97,3238.42,3528.2,66796.1,226769528.71
2021-05-06,3380.01,3610.04,3528.2,3490.33,71338.54,248074402.99
2021-05-07,3355.2,3595.0,3490.33,3483.81,59582.61,208182079.13
2021-05-08,3452.75,3960.0,3483.81,3915.0,56881.75,210417967.13
2021-05-09,3730.25,3985.0,3915.0,3928.05,41074.21,159518932.26
2021-05-10,3655.0,4200.0,3928.05,3950.36,115137.11,467256837.97
2021-05-11,3775.74,4185.0,3950.36,4179.47,72837.02,291960211.68
2021-05-12,3750.0,4380.64,4179.47,3810.19,120423.31,501978622.09
2021-05-13,3543.62,4040.65,3810.19,3720.38,94101.66,356224641.16
2021-05-14,3693.0,4178.11,3720.38,4080.31,54423.33,216714616.68
2021-05-15,3629.61,4135.74,4080.31,3646.01,44467.02,171149805.17
2021-05-16,3340.99,3881.2,3646.01,3585.36,64910.58,232856152.47
2021-05-17,3117.09,3590.32,3585.36,3281.32,109417.1,366643698.11
2021-05-18,3243.71,3570.48,3281.32,3380.57,74068.32,254474049.09
2021-05-19,1850.0,3441.5,3380.57,2443.76,296336.42,799311528.45
2021-05-20,2160.0,3000.0,2443.76,2774.37,146018.58,391313120.1
2021-05-21,2102.86,2944.36,2774.37,2436.11,120690.06,306782486.0
2021-05-22,2157.72,2489.23,2436.11,2296.31,69652.04,162810041.71
2021-05-23,1730.0,2381.42,2296.31,2098.33,127803.35,256714401.86
2021-05-24,2084.57,2678.99,2098.33,2651.7,110531.27,265142354.5
2021-05-25,2386.0,2788.0,2651.7,2704.31,82662.46,213237216.3
2021-05-26,2646.36,2915.31,2704.31,2889.65,54843.02,153088976.16
2021-05-27,2642.17,2892.98,2889.65,2741.07,48572.29,134879694.66
2021-05-28,2327.0,2763.64,2741.07,2413.17,77976.53,197473971.71
2021-05-29,2207.96,2576.7,2413.17,2279.59,85288.45,198841560.85
2021-05-30,2182.89,2478.83,2279.59,2389.91,48486.58,115404249.86
2021-05-31,2275.0,2722.0,2389.91,2707.27,65289.02,166276314.68
2021-06-01,2527.04,2743.24,2707.27,2634.3,57559.95,150936545.14
2021-06-02,2552.45,2802.0,2634.3,2707.66,34892.24,94521216.63
2021-06-03,2663.49,2890.6,2707.66,2856.41,40107.34,112609100.88
2021-06-04,2550.13,2858.33,2856.41,2691.14,35985.55,96134916.09
2021-06-05,2552.89,2819.09,2691.14,2629.4,33292.65,88869627.22
2021-06-06,2615.55,2747.09,2629.4,2710.48,23613.63,63503516.96
2021-06-07,2574.59,2850.0,2710.48,2593.47,41123.57,112502640.96
2021-06-08,2306.02,2623.47,2593.47,2508.85,84384.41,208344491.45
2021-06-09,2407.9,2630.0,2508.85,2612.13,59184.09,149447492.91
2021-06-10,2427.88,2625.0,2612.13,2472.27,37882.58,95890639.61
2021-06-11,2321.6,2499.73,2472.27,2353.1,34616.81,83929198.4
2021-06-12,2252.58,2453.57,2353.1,2367.0,28249.54,66342831.12
2021-06-13,2307.9,2548.6,2367.0,2510.53,36178.62,86080293.38
2021-06-14,2461.67,2609.28,2510.53,2583.06,34258.42,86700060.13
2021-06-15,2505.27,2641.49,2583.06,2544.58,19815.99,51027859.07
2021-06-16,2350.62,2555.06,2544.58,2366.56,32802.91,80220061.09
2021-06-17,2305.0,2461.51,2366.56,2371.13,58636.74,138206424.98
2021-06-18,2139.49,2377.13,2371.13,2227.29,32333.93,72961586.33
2021-06-19,2161.46,2278.4,2227.29,2165.0,19272.61,42892808.99
2021-06-20,2040.91,2277.3,2165.0,2242.6,29174.44,62945220.4
2021-06-21,1864.79,2258.06,2242.6,1887.63,89431.75,177015320.59
2021-06-22,1700.0,1997.0,1887.63,1880.79,89264.64,164844753.82
2021-06-23,1823.92,2044.62,1880.79,1968.7,58577.69,115711884.86
2021-06-24,1884.1,2036.72,1968.7,1989.63,51434.5,100858856.86
2021-06-25,1791.48,2020.03,1989.63,1810.88,61519.93,114724912.2
2021-06-26,1717.17,1852.43,1810.88,1831.03,32140.31,57065785.86
2021-06-27,1806.85,1985.32,1831.03,1983.22,50563.46,94905524.48
2021-06-28,1962.08,2145.0,1983.22,2082.46,54038.39,110779531.88
2021-06-29,2074.57,2247.0,2082.46,2162.5,24375.35,53006357.71
2021-06-30,2088.5,2289.4,2162.5,2276.34,28892.51,62725773.38
2021-07-01,2065.77,2277.34,2276.34,2107.77,61697.68,131017764.86
2021-07-02,2017.7,2160.28,2107.77,2155.07,18594.84,38709882.85
2021-07-03,2113.57,2240.77,2155.07,2227.69,27645.0,60372463.98
2021-07-04,2190.76,2389.0,2227.69,2324.49,27148.08,63084843.89
2021-07-05,2159.08,2324.49,2324.49,2199.0,16729.9,37470552.29
2021-07-06,2195.95,2351.19,2199.0,2323.16,19928.1,45757608.49
2021-07-07,2294.17,2410.0,2323.16,2312.92,16651.75,39320503.44
2021-07-08,2084.01,2324.74,2312.92,2114.79,53799.97,116461500.86
2021-07-09,2050.0,2187.96,2114.79,2146.58,26453.51,55875473.35
2021-07-10,2075.0,2192.98,2146.58,2109.76,13779.08,29179028.89
2021-07-11,2081.12,2174.11,2109.76,2138.96,14253.56,30506133.45
2021-07-12,2005.98,2168.82,2138.96,2034.88,26060.04,53792459.99
2021-07-13,1917.0,2046.71,2034.88,1940.15,22621.22,44967073.37
2021-07-14,1865.01,2020.06,1940.15,1993.91,24409.74,47767403.07
2021-07-15,1880.77,2040.4,1993.91,1915.93,22646.34,43632440.88
2021-07-16,1848.13,1965.84,1915.93,1876.66,13497.15,25624934.54
2021-07-17,1845.13,1918.98,1876.66,1898.48,8351.41,15718589.5
2021-07-18,1877.92,1994.0,1898.48,1890.99,31458.21,61084477.65
2021-07-19,1805.0,1918.87,1890.99,1817.29,21444.94,39502031.55
2021-07-20,1717.17,1840.74,1817.29,1786.54,22905.23,40335318.79
2021-07-21,1752.0,2034.0,1786.54,1995.5,43597.24,83428207.25
2021-07-22,1948.19,2046.83,1995.5,2023.0,32572.02,65310221.49
2021-07-23,1997.16,2132.81,2023.0,2126.2,41166.86,84970949.72
2021-07-24,2107.2,2200.11,2126.2,2185.86,31094.44,66699658.95
2021-07-25,2108.0,2199.49,2185.86,2194.0,19955.29,43223916.82
2021-07-26,2175.57,2435.01,2194.0,2228.0,58867.06,136623608.91
2021-07-27,2150.62,2321.8,2228.0,2304.62,33758.2,75946191.39
2021-07-28,2244.81,2347.15,2304.62,2299.52,33002.47,75836730.86
2021-07-29,2266.51,2404.08,2299.52,2383.89,16193.06,37609769.53
2021-07-30,2316.91,2473.38,2383.89,2464.18,28684.93,68632423.06
2021-07-31,2422.78,2555.0,2464.18,2525.76,16681.72,41367768.35
2021-08-01,2512.8,2699.0,2525.76,2556.3,30046.39,78105013.26
2021-08-02,2506.89,2665.99,2556.3,2608.07,62689.76,162101518.14
2021-08-03,2442.58,2630.02,2608.07,2508.04,47814.06,119688493.33
2021-08-04,2457.92,2775.0,2508.04,2725.34,35298.27,92823307.15
2021-08-05,2530.7,2845.0,2725.34,2830.09,59817.44,163142177.38
2021-08-06,2721.4,2950.16,2830.09,2892.51,42441.26,120841603.97
2021-08-07,2868.21,3174.16,2892.51,3162.81,61298.41,186958767.05
2021-08-08,2948.16,3190.0,3162.81,3015.33,35067.99,107927578.46
2021-08-09,2893.21,3191.43,3015.33,3167.0,58649.17,181209218.29
2021-08-10,3050.0,3235.0,3167.0,3141.68,62559.01,196823944.63
2021-08-11,3121.86,3279.88,3141.68,3161.79,42964.57,138225792.92
2021-08-12,2978.57,3240.0,3161.79,3044.74,62010.65,192558104.36
2021-08-13,3035.56,3330.08,3044.74,3324.52,69768.37,225332808.89
2021-08-14,3207.05,3333.33,3324.52,3267.79,15912.95,52000638.41
2021-08-15,3112.79,3324.53,3267.79,3311.44,48177.33,154129081.41
2021-08-16,3133.12,3340.06,3311.44,3146.83,35600.4,114943119.08
2021-08-17,2991.62,3293.72,3146.83,3011.95,40559.79,128505694.74
2021-08-18,2951.97,3127.39,3011.95,3014.15,22742.67,69167857.12
2021-08-19,2957.95,3189.41,3014.15,3185.18,29868.35,92296451.91
2021-08-20,3179.87,3305.09,3185.18,3285.64,42648.69,138514684.64
2021-08-21,3209.15,3312.53,3285.64,3226.15,14103.89,46012837.53
2021-08-22,3130.0,3276.43,3226.15,3241.55,12365.33,39593409.33
2021-08-23,3234.12,3381.44,3241.55,3317.25,29497.49,98267987.28
2021-08-24,3145.17,3361.13,3317.25,3175.68,23329.9,75769331.21
2021-08-25,3077.81,3249.99,3175.68,3230.85,19053.49,60450346.8
2021-08-26,3055.0,3256.02,3230.85,3093.48,36680.92,113883979.41
2021-08-27,3062.0,3283.47,3093.48,3276.68,34458.87,109526516.14
2021-08-28,3211.06,3288.71,3276.68,3245.0,11899.09,38647375.91
2021-08-29,3152.19,3288.0,3245.0,3225.34,5955.12,19092184.39
2021-08-30,3144.44,3350.0,3225.34,3226.49,29991.18,98266938.98
2021-08-31,3189.92,3475.0,3226.49,3432.54,39840.47,133865926.43
2021-09-01,3384.24,3848.11,3432.54,3831.7,30850.0,110940821.05
2021-09-02,3723.22,3837.2,3831.7,3786.56,17458.22,65864405.21
2021-09-03,3708.89,4025.0,3786.56,3938.74,24675.33,96865037.65
2021-09-04,3832.02,3974.25,3938.74,3887.1,8918.83,34738018.15
2021-09-05,3835.0,3984.34,3887.1,3951.48,10913.22,42872020.35
2021-09-06,3866.62,3973.53,3951.48,3928.29,11349.56,44580012.81
2021-09-07,3015.0,3949.0,3928.29,3429.61,86004.07,304903811.83
2021-09-08,3216.0,3560.51,3429.61,3492.64,34645.05,117902548.9
2021-09-09,3387.62,3568.47,3492.64,3424.01,19599.63,68405952.41
2021-09-10,3146.15,3511.69,3424.01,3209.71,31711.17,105311418.01
2021-09-11,3202.94,3346.58,3209.71,3266.98,10545.99,34574907.16
2021-09-12,3232.76,3472.93,3266.98,3406.08,11826.56,40091702.6
2021-09-13,3111.72,3429.39,3406.08,3281.62,29999.78,97019696.14
2021-09-14,3271.32,3437.0,3281.62,3437.0,20109.68,67312776.07
2021-09-15,3360.0,3619.4,3437.0,3615.24,14603.01,50837525.6
2021-09-16,3485.19,3677.0,3615.24,3571.25,24683.65,88385319.44
2021-09-17,3350.0,3592.88,3571.25,3398.9,40836.34,139306385.47
2021-09-18,3370.05,3545.7,3398.9,3435.78,33635.54,117444175.66
2021-09-19,3280.36,3457.89,3435.78,3328.81,14845.79,49712531.96
2021-09-20,2912.28,3347.2,3328.81,2977.58,74538.71,229975612.14
2021-09-21,2650.0,3103.46,2977.58,2765.88,79943.52,233985671.78
2021-09-22,2737.79,3093.41,2765.88,3079.09,22967.02,67497864.01
2021-09-23,3035.85,3175.45,3079.09,3154.03,16825.57,52382398.32
2021-09-24,2731.3,3160.48,3154.03,2929.3,45129.1,130666247.36
2021-09-25,2805.0,2969.63,2929.3,2925.75,20319.24,59128285.09
2021-09-26,2740.62,3116.31,2925.75,3064.32,27221.76,80939592.76
2021-09-27,2923.93,3167.31,3064.32,2923.93,31751.8,97644235.89
2021-09-28,2789.55,2970.6,2923.93,2807.46,25028.08,72197044.66
2021-09-29,2782.48,2950.26,2807.46,2851.4,32222.28,92032779.76
2021-09-30,2838.1,3049.24,2851.4,3000.59,23002.61,68927470.82
2021-10-01,2968.97,3333.0,3000.59,3311.72,49854.37,158976018.81
2021-10-02,3262.0,3470.0,3311.72,3391.71,22276.69,74762102.65
2021-10-03,3343.63,3491.0,3391.71,3417.43,13045.99,44751504.53
2021-10-04,3272.0,3425.78,3417.43,3370.0,14421.41,48308767.74
